id,created_at,updated_at,name,short_name,stock_ticker,description,cik,gics_sector,gics_sub_industry,headquarters_location,founded_year
1,2021-06-18 12:12:46,2021-06-18 12:12:46,3M Company,3M Company,MMM,,0000066740,Industrials,Industrial Conglomerates,"St. Paul, Minnesota",1902
44,2021-06-18 12:12:46,2021-06-18 12:12:46,A.O. Smith Corp,A.O. Smith Corp,AOS,,0000091142,Industrials,Building Products,"Milwaukee, Wisconsin",1916
10,2021-06-18 12:12:46,2021-06-18 12:12:46,AES Corp,AES Corp,AES,,0000874761,Utilities,Independent Power Producers & Energy Traders,"Arlington, Virginia",1981
41,2021-06-18 12:12:46,2021-06-18 12:12:46,"ANSYS, Inc.","ANSYS, Inc.",ANSS,,0001013462,Information Technology,Application Software,"Canonsburg, Pennsylvania",1969
45,2021-06-18 12:12:46,2021-06-18 12:12:46,APA Corporation,APA Corporation,APA,,0000006769,Energy,Oil & Gas Exploration & Production,"Houston, Texas",1954
53,2021-06-18 12:12:46,2021-06-18 12:12:46,AT&T Inc.,AT&T Inc.,T,,0000732717,Communication Services,Integrated Telecommunication Services,"Dallas, Texas",1983 (1885)
3,2021-06-18 12:12:46,2021-06-18 12:12:46,AbbVie Inc.,AbbVie Inc.,ABBV,,0001551152,Health Care,Pharmaceuticals,"North Chicago, Illinois",2013 (1888)
2,2021-06-18 12:12:46,2021-06-18 12:12:46,Abbott Laboratories,Abbott Laboratories,ABT,,0000001800,Health Care,Health Care Equipment,"North Chicago, Illinois",1888
4,2021-06-18 12:12:46,2021-06-18 12:12:46,Abiomed,Abiomed,ABMD,,0000815094,Health Care,Health Care Equipment,"Danvers, Massachusetts",1981
5,2021-06-18 12:12:46,2021-06-18 12:12:46,Accenture,Accenture,ACN,,0001467373,Information Technology,IT Consulting & Other Services,"Dublin, Ireland",1989
6,2021-06-18 12:12:46,2021-06-18 12:12:46,Activision Blizzard,Activision Blizzard,ATVI,,0000718877,Communication Services,Interactive Home Entertainment,"Santa Monica, California",2008
7,2021-06-18 12:12:46,2021-06-18 12:12:46,Adobe Inc.,Adobe,ADBE,,0000796343,Information Technology,Application Software,"San Jose, California",1982
9,2021-06-18 12:12:46,2021-06-18 12:12:46,Advance Auto Parts,Advance Auto Parts,AAP,,0001158449,Consumer Discretionary,Automotive Retail,"Raleigh, North Carolina",1932
8,2021-06-18 12:12:46,2021-06-18 12:12:46,Advanced Micro Devices,Advanced Micro Devices,AMD,,0000002488,Information Technology,Semiconductors,"Santa Clara, California",1969
11,2021-06-18 12:12:46,2021-06-18 12:12:46,Aflac,Aflac,AFL,,0000004977,Financials,Life & Health Insurance,"Columbus, Georgia",1955
12,2021-06-18 12:12:46,2021-06-18 12:12:46,Agilent Technologies,Agilent Technologies,A,,0001090872,Health Care,Health Care Equipment,"Santa Clara, California",1999
13,2021-06-18 12:12:46,2021-06-18 12:12:46,Air Products & Chemicals,Air Products & Chemicals,APD,,0000002969,Materials,Industrial Gases,"Allentown, Pennsylvania",1940
14,2021-06-18 12:12:46,2021-06-18 12:12:46,Akamai Technologies,Akamai Technologies,AKAM,,0001086222,Information Technology,Internet Services & Infrastructure,"Cambridge, Massachusetts",1998
15,2021-06-18 12:12:46,2021-06-18 12:12:46,Alaska Air Group,Alaska Air Group,ALK,,0000766421,Industrials,Airlines,"Seattle, Washington",1985
16,2021-06-18 12:12:46,2021-06-18 12:12:46,Albemarle Corporation,Albemarle Corporation,ALB,,0000915913,Materials,Specialty Chemicals,"Charlotte, North Carolina",1994
17,2021-06-18 12:12:46,2021-06-18 12:12:46,Alexandria Real Estate Equities,Alexandria Real Estate Equities,ARE,,0001035443,Real Estate,Office REITs,"Pasadena, California",1994
18,2021-06-18 12:12:46,2021-06-18 12:12:46,Alexion Pharmaceuticals,Alexion Pharmaceuticals,ALXN,,0000899866,Health Care,Pharmaceuticals,"Boston, Massachusetts",1992
19,2021-06-18 12:12:46,2021-06-18 12:12:46,Align Technology,Align Technology,ALGN,,0001097149,Health Care,Health Care Supplies,"San Jose, California",1997
20,2021-06-18 12:12:46,2021-06-18 12:12:46,Allegion,Allegion,ALLE,,0001579241,Industrials,Building Products,"Dublin, Ireland",1908
21,2021-06-18 12:12:46,2021-06-18 12:12:46,Alliant Energy,Alliant Energy,LNT,,0000352541,Utilities,Electric Utilities,"Madison, Wisconsin",1917
22,2021-06-18 12:12:46,2021-06-18 12:12:46,Allstate Corp,Allstate Corp,ALL,,0000899051,Financials,Property & Casualty Insurance,"Northfield Township, Illinois",1931
23,2021-06-18 12:12:46,2021-06-18 12:12:46,Alphabet Inc. (Class A),Alphabet Inc. (Class A),GOOGL,,0001652044,Communication Services,Interactive Media & Services,"Mountain View, California",1998
24,2021-06-18 12:12:46,2021-06-18 12:12:46,Alphabet Inc. (Class C),Alphabet Inc. (Class C),GOOG,,0001652044,Communication Services,Interactive Media & Services,"Mountain View, California",1998
25,2021-06-18 12:12:46,2021-06-18 12:12:46,Altria Group Inc,Altria Group Inc,MO,,0000764180,Consumer Staples,Tobacco,"Richmond, Virginia",1985
26,2021-06-18 12:12:46,2021-06-18 12:12:46,Amazon.com Inc.,Amazon.com Inc.,AMZN,,0001018724,Consumer Discretionary,Internet & Direct Marketing Retail,"Seattle, Washington",1994
27,2021-06-18 12:12:46,2021-06-18 12:12:46,Amcor,Amcor,AMCR,,0001748790,Materials,Paper Packaging,"Zurich, Switzerland",2019 (1860)
28,2021-06-18 12:12:46,2021-06-18 12:12:46,Ameren Corp,Ameren Corp,AEE,,0001002910,Utilities,Multi-Utilities,"St. Louis, Missouri",1902
29,2021-06-18 12:12:46,2021-06-18 12:12:46,American Airlines Group,American Airlines,AAL,,0000006201,Industrials,Airlines,"Fort Worth, Texas",1934
30,2021-06-18 12:12:46,2021-06-18 12:12:46,American Electric Power,American Electric Power,AEP,,0000004904,Utilities,Electric Utilities,"Columbus, Ohio",1906
31,2021-06-18 12:12:46,2021-06-18 12:12:46,American Express,American Express,AXP,,0000004962,Financials,Consumer Finance,"New York, New York",1850
32,2021-06-18 12:12:46,2021-06-18 12:12:46,American International Group,American International Group,AIG,,0000005272,Financials,Property & Casualty Insurance,"New York, New York",1919
33,2021-06-18 12:12:46,2021-06-18 12:12:46,American Tower Corp.,American Tower Corp.,AMT,,0001053507,Real Estate,Specialized REITs,"Boston, Massachusetts",1995
34,2021-06-18 12:12:46,2021-06-18 12:12:46,American Water Works,American Water Works,AWK,,0001410636,Utilities,Water Utilities,"Camden, New Jersey",1886
35,2021-06-18 12:12:46,2021-06-18 12:12:46,Ameriprise Financial,Ameriprise Financial,AMP,,0000820027,Financials,Asset Management & Custody Banks,"Minneapolis, Minnesota",1894
36,2021-06-18 12:12:46,2021-06-18 12:12:46,AmerisourceBergen,AmerisourceBergen,ABC,,0001140859,Health Care,Health Care Distributors,"Chesterbrook, Pennsylvania",1985
37,2021-06-18 12:12:46,2021-06-18 12:12:46,Ametek,Ametek,AME,,0001037868,Industrials,Electrical Components & Equipment,"Berwyn, Pennsylvania",1930
38,2021-06-18 12:12:46,2021-06-18 12:12:46,Amgen Inc.,Amgen Inc.,AMGN,,0000318154,Health Care,Biotechnology,"Thousand Oaks, California",1980
39,2021-06-18 12:12:46,2021-06-18 12:12:46,Amphenol Corp,Amphenol Corp,APH,,0000820313,Information Technology,Electronic Components,"Wallingford, Connecticut",1932
40,2021-06-18 12:12:46,2021-06-18 12:12:46,"Analog Devices, Inc.","Analog Devices, Inc.",ADI,,0000006281,Information Technology,Semiconductors,"Norwood, Massachusetts",1965
42,2021-06-18 12:12:46,2021-06-18 12:12:46,Anthem,Anthem,ANTM,,0001156039,Health Care,Managed Health Care,"Indianapolis, Indiana",2014 (1946)
43,2021-06-18 12:12:46,2021-06-18 12:12:46,Aon plc,Aon plc,AON,,0000315293,Financials,Insurance Brokers,"London, United Kingdom",1982 (1919)
46,2021-06-18 12:12:46,2021-06-18 12:12:46,Apple Inc.,Apple,AAPL,,0000320193,Information Technology,"Technology Hardware, Storage & Peripherals","Cupertino, California",1977
47,2021-06-18 12:12:46,2021-06-18 12:12:46,Applied Materials Inc.,Applied Materials Inc.,AMAT,,0000006951,Information Technology,Semiconductor Equipment,"Santa Clara, California",1967
48,2021-06-18 12:12:46,2021-06-18 12:12:46,Aptiv PLC,Aptiv PLC,APTV,,0001521332,Consumer Discretionary,Auto Parts & Equipment,"Dublin, Ireland",1994
49,2021-06-18 12:12:46,2021-06-18 12:12:46,Archer-Daniels-Midland Co,Archer-Daniels-Midland Co,ADM,,0000007084,Consumer Staples,Agricultural Products,"Chicago, Illinois",1902
50,2021-06-18 12:12:46,2021-06-18 12:12:46,Arista Networks,Arista Networks,ANET,,0001596532,Information Technology,Communications Equipment,"Santa Clara, California",2004
51,2021-06-18 12:12:46,2021-06-18 12:12:46,Arthur J. Gallagher & Co.,Arthur J. Gallagher & Co.,AJG,,0000354190,Financials,Insurance Brokers,"Rolling Meadows, Illinois",1927
52,2021-06-18 12:12:46,2021-06-18 12:12:46,Assurant,Assurant,AIZ,,0001267238,Financials,Multi-line Insurance,"New York, New York",1892
54,2021-06-18 12:12:46,2021-06-18 12:12:46,Atmos Energy,Atmos Energy,ATO,,0000731802,Utilities,Gas Utilities,"Dallas, Texas",1906
57,2021-06-18 12:12:46,2021-06-18 12:12:46,AutoZone Inc,AutoZone Inc,AZO,,0000866787,Consumer Discretionary,Specialty Stores,"Memphis, Tennessee",1979
55,2021-06-18 12:12:46,2021-06-18 12:12:46,Autodesk Inc.,Autodesk Inc.,ADSK,,0000769397,Information Technology,Application Software,"San Rafael, California",1982
56,2021-06-18 12:12:46,2021-06-18 12:12:46,Automatic Data Processing,Automatic Data Processing,ADP,,0000008670,Information Technology,Data Processing & Outsourced Services,"Roseland, New Jersey",1949
58,2021-06-18 12:12:46,2021-06-18 12:12:46,AvalonBay Communities,AvalonBay Communities,AVB,,0000915912,Real Estate,Residential REITs,"Arlington, Virginia[3]",1978
59,2021-06-18 12:12:46,2021-06-18 12:12:46,Avery Dennison Corp,Avery Dennison Corp,AVY,,0000008818,Materials,Paper Packaging,"Glendale, California",1990
60,2021-06-18 12:12:46,2021-06-18 12:12:46,Baker Hughes Co,Baker Hughes Co,BKR,,0001701605,Energy,Oil & Gas Equipment & Services,"Houston, Texas",2017
61,2021-06-18 12:12:46,2021-06-18 12:12:46,Ball Corp,Ball Corp,BLL,,0000009389,Materials,Metal & Glass Containers,"Broomfield, Colorado",1880
62,2021-06-18 12:12:46,2021-06-18 12:12:46,Bank of America Corp,Bank of America Corp,BAC,,0000070858,Financials,Diversified Banks,"Charlotte, North Carolina",1998 (1923 / 1874)
64,2021-06-18 12:12:46,2021-06-18 12:12:46,Baxter International Inc.,Baxter International Inc.,BAX,,0000010456,Health Care,Health Care Equipment,"Deerfield, Illinois",1931
65,2021-06-18 12:12:46,2021-06-18 12:12:46,Becton Dickinson,Becton Dickinson,BDX,,0000010795,Health Care,Health Care Equipment,"Franklin Lakes, New Jersey",1897
66,2021-06-18 12:12:46,2021-06-18 12:12:46,Berkshire Hathaway,Berkshire Hathaway,BRK.B,,0001067983,Financials,Multi-Sector Holdings,"Omaha, Nebraska",1839
67,2021-06-18 12:12:46,2021-06-18 12:12:46,Best Buy Co. Inc.,Best Buy Co. Inc.,BBY,,0000764478,Consumer Discretionary,Computer & Electronics Retail,"Richfield, Minnesota",1966
68,2021-06-18 12:12:46,2021-06-18 12:12:46,Bio-Rad Laboratories,Bio-Rad Laboratories,BIO,,0000012208,Health Care,Life Sciences Tools & Services,"Hercules, California",1952
69,2021-06-18 12:12:46,2021-06-18 12:12:46,Biogen Inc.,Biogen Inc.,BIIB,,0000875045,Health Care,Biotechnology,"Cambridge, Massachusetts",1978
70,2021-06-18 12:12:46,2021-06-18 12:12:46,BlackRock,BlackRock,BLK,,0001364742,Financials,Asset Management & Custody Banks,"New York, New York",1988
71,2021-06-18 12:12:46,2021-06-18 12:12:46,Boeing Company,Boeing Company,BA,,0000012927,Industrials,Aerospace & Defense,"Chicago, Illinois",1916
72,2021-06-18 12:12:46,2021-06-18 12:12:46,Booking Holdings Inc,Booking Holdings Inc,BKNG,,0001075531,Consumer Discretionary,Internet & Direct Marketing Retail,"Norwalk, Connecticut",1996
73,2021-06-18 12:12:46,2021-06-18 12:12:46,BorgWarner,BorgWarner,BWA,,0000908255,Consumer Discretionary,Auto Parts & Equipment,"Auburn Hills, Michigan",1880
74,2021-06-18 12:12:46,2021-06-18 12:12:46,Boston Properties,Boston Properties,BXP,,0001037540,Real Estate,Office REITs,"Boston, Massachusetts",1970
75,2021-06-18 12:12:46,2021-06-18 12:12:46,Boston Scientific,Boston Scientific,BSX,,0000885725,Health Care,Health Care Equipment,"Marlborough, Massachusetts[4]",1979
76,2021-06-18 12:12:46,2021-06-18 12:12:46,Bristol-Myers Squibb,Bristol-Myers Squibb,BMY,,0000014272,Health Care,Health Care Distributors,"New York, New York",1989
77,2021-06-18 12:12:46,2021-06-18 12:12:46,Broadcom Inc.,Broadcom Inc.,AVGO,,0001730168,Information Technology,Semiconductors,"San Jose, California",1961
78,2021-06-18 12:12:46,2021-06-18 12:12:46,Broadridge Financial Solutions,Broadridge Financial Solutions,BR,,0001383312,Information Technology,Data Processing & Outsourced Services,"Lake Success, New York",1962
79,2021-06-18 12:12:46,2021-06-18 12:12:46,Brown-Forman Corp.,Brown-Forman Corp.,BF.B,,0000014693,Consumer Staples,Distillers & Vintners,"Louisville, Kentucky",1870
80,2021-06-18 12:12:46,2021-06-18 12:12:46,C. H. Robinson Worldwide,C. H. Robinson Worldwide,CHRW,,0001043277,Industrials,Air Freight & Logistics,"Eden Prairie, Minnesota",1905
92,2021-06-18 12:12:46,2021-06-18 12:12:46,CBRE Group,CBRE Group,CBRE,,0001138118,Real Estate,Real Estate Services,"Dallas, Texas",1906
93,2021-06-18 12:12:46,2021-06-18 12:12:46,CDW,CDW,CDW,,0001402057,Information Technology,Technology Distributors,"Lincolnshire, Illinois",1984
98,2021-06-18 12:12:46,2021-06-18 12:12:46,CF Industries Holdings Inc,CF Industries Holdings Inc,CF,,0001324404,Materials,Fertilizers & Agricultural Chemicals,"Deerfield, Illinois",1946
113,2021-06-18 12:12:46,2021-06-18 12:12:46,CME Group Inc.,CME Group Inc.,CME,,0001156375,Financials,Financial Exchanges & Data,"Chicago, Illinois",1848
114,2021-06-18 12:12:46,2021-06-18 12:12:46,CMS Energy,CMS Energy,CMS,,0000811156,Utilities,Multi-Utilities,"Jackson, Michigan",1886
130,2021-06-18 12:12:46,2021-06-18 12:12:46,CSX Corp.,CSX Corp.,CSX,,0000277948,Industrials,Railroads,"Jacksonville, Florida",1980
132,2021-06-18 12:12:46,2021-06-18 12:12:46,CVS Health,CVS Health,CVS,,0000064803,Health Care,Health Care Services,"Woonsocket, Rhode Island",1996
81,2021-06-18 12:12:46,2021-06-18 12:12:46,Cabot Oil & Gas,Cabot Oil & Gas,COG,,0000858470,Energy,Oil & Gas Exploration & Production,"Houston, Texas",1989
82,2021-06-18 12:12:46,2021-06-18 12:12:46,Cadence Design Systems,Cadence Design Systems,CDNS,,0000813672,Information Technology,Application Software,"San Jose, California",1988
83,2021-06-18 12:12:46,2021-06-18 12:12:46,Campbell Soup,Campbell Soup,CPB,,0000016732,Consumer Staples,Packaged Foods & Meats,"Camden, New Jersey",1869
84,2021-06-18 12:12:46,2021-06-18 12:12:46,Capital One Financial,Capital One Financial,COF,,0000927628,Financials,Consumer Finance,"Tysons Corner, Virginia",1935
85,2021-06-18 12:12:46,2021-06-18 12:12:46,Cardinal Health Inc.,Cardinal Health Inc.,CAH,,0000721371,Health Care,Health Care Distributors,"Dublin, Ohio",1971
86,2021-06-18 12:12:46,2021-06-18 12:12:46,Carmax Inc,Carmax Inc,KMX,,0001170010,Consumer Discretionary,Specialty Stores,"Richmond, Virginia",1993
87,2021-06-18 12:12:46,2021-06-18 12:12:46,Carnival Corp.,Carnival Corp.,CCL,,0000815097,Consumer Discretionary,"Hotels, Resorts & Cruise Lines","Miami, Florida",1972
88,2021-06-18 12:12:46,2021-06-18 12:12:46,Carrier Global,Carrier Global,CARR,,0001783180,Industrials,Building Products,"Palm Beach Gardens, Florida",2020 (1915)
89,2021-06-18 12:12:46,2021-06-18 12:12:46,Catalent,Catalent,CTLT,,0001596783,Health Care,Pharmaceuticals,"Somerset, New Jersey",2007
90,2021-06-18 12:12:46,2021-06-18 12:12:46,Caterpillar Inc.,Caterpillar Inc.,CAT,,0000018230,Industrials,Construction Machinery & Heavy Trucks,"Deerfield, Illinois",1925
91,2021-06-18 12:12:46,2021-06-18 12:12:46,Cboe Global Markets,Cboe Global Markets,CBOE,,0001374310,Financials,Financial Exchanges & Data,"Chicago, Illinois",1973
94,2021-06-18 12:12:46,2021-06-18 12:12:46,Celanese,Celanese,CE,,0001306830,Materials,Specialty Chemicals,"Irving, Texas",1918
95,2021-06-18 12:12:46,2021-06-18 12:12:46,Centene Corporation,Centene Corporation,CNC,,0001071739,Health Care,Managed Health Care,"St. Louis, Missouri",1984
96,2021-06-18 12:12:46,2021-06-18 12:12:46,CenterPoint Energy,CenterPoint Energy,CNP,,0001130310,Utilities,Multi-Utilities,"Houston, Texas",1882
97,2021-06-18 12:12:46,2021-06-18 12:12:46,Cerner,Cerner,CERN,,0000804753,Health Care,Health Care Technology,"North Kansas City, Missouri",1979
99,2021-06-18 12:12:46,2021-06-18 12:12:46,Charles Schwab Corporation,Charles Schwab Corporation,SCHW,,0000316709,Financials,Investment Banking & Brokerage,"Westlake, Texas",1971
100,2021-06-18 12:12:46,2021-06-18 12:12:46,Charter Communications,Charter Communications,CHTR,,0001091667,Communication Services,Cable & Satellite,"Stamford, Connecticut",1993
101,2021-06-18 12:12:46,2021-06-18 12:12:46,Chevron Corp.,Chevron Corp.,CVX,,0000093410,Energy,Integrated Oil & Gas,"San Ramon, California",1879
102,2021-06-18 12:12:46,2021-06-18 12:12:46,Chipotle Mexican Grill,Chipotle Mexican Grill,CMG,,0001058090,Consumer Discretionary,Restaurants,"Newport Beach, California",1993
103,2021-06-18 12:12:46,2021-06-18 12:12:46,Chubb Limited,Chubb Limited,CB,,0000896159,Financials,Property & Casualty Insurance,"Zurich, Switzerland",1985
104,2021-06-18 12:12:46,2021-06-18 12:12:46,Church & Dwight,Church & Dwight,CHD,,0000313927,Consumer Staples,Household Products,"Ewing, New Jersey",1847
105,2021-06-18 12:12:46,2021-06-18 12:12:46,Cigna,Cigna,CI,,0001739940,Health Care,Managed Health Care,"Bloomfield, Connecticut",1982
106,2021-06-18 12:12:46,2021-06-18 12:12:46,Cincinnati Financial,Cincinnati Financial,CINF,,0000020286,Financials,Property & Casualty Insurance,"Fairfield, Ohio",1950
107,2021-06-18 12:12:46,2021-06-18 12:12:46,Cintas Corporation,Cintas Corporation,CTAS,,0000723254,Industrials,Diversified Support Services,"Mason, Ohio",1929
108,2021-06-18 12:12:46,2021-06-18 12:12:46,Cisco Systems,Cisco Systems,CSCO,,0000858877,Information Technology,Communications Equipment,"San Jose, California",1984
109,2021-06-18 12:12:46,2021-06-18 12:12:46,Citigroup Inc.,Citigroup Inc.,C,,0000831001,Financials,Diversified Banks,"New York, New York",1998
110,2021-06-18 12:12:46,2021-06-18 12:12:46,Citizens Financial Group,Citizens Financial Group,CFG,,0000759944,Financials,Regional Banks,"Providence, Rhode Island",1828
111,2021-06-18 12:12:46,2021-06-18 12:12:46,Citrix Systems,Citrix Systems,CTXS,,0000877890,Information Technology,Application Software,"Fort Lauderdale, Florida",1989
115,2021-06-18 12:12:46,2021-06-18 12:12:46,Coca-Cola Company,Coca Cola,KO,,0000021344,Consumer Staples,Soft Drinks,"Atlanta, Georgia",1886
116,2021-06-18 12:12:46,2021-06-18 12:12:46,Cognizant Technology Solutions,Cognizant Technology Solutions,CTSH,,0001058290,Information Technology,IT Consulting & Other Services,"Teaneck, New Jersey",1994
117,2021-06-18 12:12:46,2021-06-18 12:12:46,Colgate-Palmolive,Colgate-Palmolive,CL,,0000021665,Consumer Staples,Household Products,"New York, New York",1806
118,2021-06-18 12:12:46,2021-06-18 12:12:46,Comcast Corp.,Comcast Corp.,CMCSA,,0001166691,Communication Services,Cable & Satellite,"Philadelphia, Pennsylvania",1963
119,2021-06-18 12:12:46,2021-06-18 12:12:46,Comerica Inc.,Comerica Inc.,CMA,,0000028412,Financials,Diversified Banks,"Dallas, Texas",1849
120,2021-06-18 12:12:46,2021-06-18 12:12:46,Conagra Brands,Conagra Brands,CAG,,0000023217,Consumer Staples,Packaged Foods & Meats,"Chicago, Illinois",1919
121,2021-06-18 12:12:46,2021-06-18 12:12:46,ConocoPhillips,ConocoPhillips,COP,,0001163165,Energy,Oil & Gas Exploration & Production,"Houston, Texas",2002
122,2021-06-18 12:12:46,2021-06-18 12:12:46,Consolidated Edison,Consolidated Edison,ED,,0001047862,Utilities,Electric Utilities,"New York, New York",1823
123,2021-06-18 12:12:46,2021-06-18 12:12:46,Constellation Brands,Constellation Brands,STZ,,0000016918,Consumer Staples,Distillers & Vintners,"Victor, New York",1945
125,2021-06-18 12:12:46,2021-06-18 12:12:46,Copart Inc,Copart Inc,CPRT,,0000900075,Industrials,Diversified Support Services,"Dallas, Texas",1982
126,2021-06-18 12:12:46,2021-06-18 12:12:46,Corning Inc.,Corning Inc.,GLW,,0000024741,Information Technology,Electronic Components,"Corning, New York",1851
127,2021-06-18 12:12:46,2021-06-18 12:12:46,Corteva,Corteva,CTVA,,0001755672,Materials,Fertilizers & Agricultural Chemicals,"Wilmington, Delaware",2019
128,2021-06-18 12:12:46,2021-06-18 12:12:46,Costco Wholesale Corp.,Costco Wholesale Corp.,COST,,0000909832,Consumer Staples,Hypermarkets & Super Centers,"Issaquah, Washington",1976
129,2021-06-18 12:12:46,2021-06-18 12:12:46,Crown Castle,Crown Castle,CCI,,0001051470,Real Estate,Specialized REITs,"Houston, Texas",1994
131,2021-06-18 12:12:46,2021-06-18 12:12:46,Cummins Inc.,Cummins Inc.,CMI,,0000026172,Industrials,Industrial Machinery,"Columbus, Indiana",1919
133,2021-06-18 12:12:46,2021-06-18 12:12:46,D. R. Horton,D. R. Horton,DHI,,0000882184,Consumer Discretionary,Homebuilding,"Arlington, Texas",1978
154,2021-06-18 12:12:46,2021-06-18 12:12:46,DTE Energy Co.,DTE Energy Co.,DTE,,0000936340,Utilities,Multi-Utilities,"Detroit, Michigan",1995
158,2021-06-18 12:12:46,2021-06-18 12:12:46,DXC Technology,DXC Technology,DXC,,0001688568,Information Technology,IT Consulting & Other Services,"Tysons Corner, Virginia",2017
136,2021-06-18 12:12:46,2021-06-18 12:12:46,DaVita Inc.,DaVita Inc.,DVA,,0000927066,Health Care,Health Care Facilities,"Denver, Colorado",1979
134,2021-06-18 12:12:46,2021-06-18 12:12:46,Danaher Corp.,Danaher Corp.,DHR,,0000313616,Health Care,Health Care Equipment,"Washington, D.C.",1969
135,2021-06-18 12:12:46,2021-06-18 12:12:46,Darden Restaurants,Darden Restaurants,DRI,,0000940944,Consumer Discretionary,Restaurants,"Orlando, Florida",1938
137,2021-06-18 12:12:46,2021-06-18 12:12:46,Deere & Co.,Deere,DE,,0000315189,Industrials,Agricultural & Farm Machinery,"Moline, Illinois",1837
138,2021-06-18 12:12:46,2021-06-18 12:12:46,Delta Air Lines Inc.,Delta Air Lines Inc.,DAL,,0000027904,Industrials,Airlines,"Atlanta, Georgia",1929
139,2021-06-18 12:12:46,2021-06-18 12:12:46,Dentsply Sirona,Dentsply Sirona,XRAY,,0000818479,Health Care,Health Care Supplies,"Charlotte, North Carolina",2016 (1969)
140,2021-06-18 12:12:46,2021-06-18 12:12:46,Devon Energy,Devon Energy,DVN,,0001090012,Energy,Oil & Gas Exploration & Production,"Oklahoma City, Oklahoma",1971
141,2021-06-18 12:12:46,2021-06-18 12:12:46,DexCom,DexCom,DXCM,,0001093557,Health Care,Health Care Equipment,"San Diego, California",1999
142,2021-06-18 12:12:46,2021-06-18 12:12:46,Diamondback Energy,Diamondback Energy,FANG,,0001539838,Energy,Oil & Gas Exploration & Production,"Midland, Texas",2007
143,2021-06-18 12:12:46,2021-06-18 12:12:46,Digital Realty Trust Inc,Digital Realty Trust Inc,DLR,,0001297996,Real Estate,Specialized REITs,"Austin, Texas",2004
144,2021-06-18 12:12:46,2021-06-18 12:12:46,Discover Financial Services,Discover Financial Services,DFS,,0001393612,Financials,Consumer Finance,"Riverwoods, Illinois",1985
145,2021-06-18 12:12:46,2021-06-18 12:12:46,"Discovery, Inc. (Series A)","Discovery, Inc. (Series A)",DISCA,,0001437107,Communication Services,Broadcasting,"New York, New York",1985
146,2021-06-18 12:12:46,2021-06-18 12:12:46,"Discovery, Inc. (Series C)","Discovery, Inc. (Series C)",DISCK,,0001437107,Communication Services,Broadcasting,"New York, New York",1985
147,2021-06-18 12:12:46,2021-06-18 12:12:46,Dish Network,Dish Network,DISH,,0001001082,Communication Services,Cable & Satellite,"Meridian, Colorado",1980
148,2021-06-18 12:12:46,2021-06-18 12:12:46,Dollar General,Dollar General,DG,,0000029534,Consumer Discretionary,General Merchandise Stores,"Goodlettsville, Tennessee",1939
149,2021-06-18 12:12:46,2021-06-18 12:12:46,Dollar Tree,Dollar Tree,DLTR,,0000935703,Consumer Discretionary,General Merchandise Stores,"Chesapeake, Virginia",1986
150,2021-06-18 12:12:46,2021-06-18 12:12:46,Dominion Energy,Dominion Energy,D,,0000715957,Utilities,Electric Utilities,"Richmond, Virginia",1983
151,2021-06-18 12:12:46,2021-06-18 12:12:46,Domino's Pizza,Domino's Pizza,DPZ,,0001286681,Consumer Discretionary,Restaurants,"Ann Arbor, Michigan",1960
152,2021-06-18 12:12:46,2021-06-18 12:12:46,Dover Corporation,Dover Corporation,DOV,,0000029905,Industrials,Industrial Machinery,"Downers Grove, Illinois",1955
153,2021-06-18 12:12:46,2021-06-18 12:12:46,Dow Inc.,Dow Inc.,DOW,,0001751788,Materials,Commodity Chemicals,"Midland, Michigan",2019
157,2021-06-18 12:12:46,2021-06-18 12:12:46,DuPont de Nemours Inc,DuPont de Nemours Inc,DD,,0001666700,Materials,Specialty Chemicals,"Wilmington, Delaware",2017
155,2021-06-18 12:12:46,2021-06-18 12:12:46,Duke Energy,Duke Energy,DUK,,0001326160,Utilities,Electric Utilities,"Charlotte, North Carolina",1904
156,2021-06-18 12:12:46,2021-06-18 12:12:46,Duke Realty Corp,Duke Realty Corp,DRE,,0000783280,Real Estate,Industrial REITs,"Indianapolis, Indiana",1972
169,2021-06-18 12:12:46,2021-06-18 12:12:46,EOG Resources,EOG Resources,EOG,,0000821189,Energy,Oil & Gas Exploration & Production,"Houston, Texas",1999
159,2021-06-18 12:12:46,2021-06-18 12:12:46,Eastman Chemical,Eastman Chemical,EMN,,0000915389,Materials,Diversified Chemicals,"Kingsport, Tennessee",1920
160,2021-06-18 12:12:46,2021-06-18 12:12:46,Eaton Corporation,Eaton Corporation,ETN,,0001551182,Industrials,Electrical Components & Equipment,"Dublin, Ireland",1911
162,2021-06-18 12:12:46,2021-06-18 12:12:46,Ecolab Inc.,Ecolab Inc.,ECL,,0000031462,Materials,Specialty Chemicals,"St. Paul, Minnesota",1923
163,2021-06-18 12:12:46,2021-06-18 12:12:46,Edison Int'l,Edison Int'l,EIX,,0000827052,Utilities,Electric Utilities,"Rosemead, California",1886
164,2021-06-18 12:12:46,2021-06-18 12:12:46,Edwards Lifesciences,Edwards Lifesciences,EW,,0001099800,Health Care,Health Care Equipment,"Irvine, California",1958
165,2021-06-18 12:12:46,2021-06-18 12:12:46,Electronic Arts,Electronic Arts,EA,,0000712515,Communication Services,Interactive Home Entertainment,"Redwood City, California",1982
166,2021-06-18 12:12:46,2021-06-18 12:12:46,Emerson Electric Company,Emerson Electric Company,EMR,,0000032604,Industrials,Electrical Components & Equipment,"Ferguson, Missouri",1890
167,2021-06-18 12:12:46,2021-06-18 12:12:46,Enphase Energy,Enphase Energy,ENPH,,0001463101,Information Technology,Semiconductor Equipment,"Fremont, California",2006
168,2021-06-18 12:12:46,2021-06-18 12:12:46,Entergy Corp.,Entergy Corp.,ETR,,0000065984,Utilities,Electric Utilities,"New Orleans, Louisiana",1913
170,2021-06-18 12:12:46,2021-06-18 12:12:46,Equifax Inc.,Equifax Inc.,EFX,,0000033185,Industrials,Research & Consulting Services,"Atlanta, Georgia",1899
171,2021-06-18 12:12:46,2021-06-18 12:12:46,Equinix,Equinix,EQIX,,0001101239,Real Estate,Specialized REITs,"Redwood City, California",1998
172,2021-06-18 12:12:46,2021-06-18 12:12:46,Equity Residential,Equity Residential,EQR,,0000906107,Real Estate,Residential REITs,"Chicago, Illinois",1969
173,2021-06-18 12:12:46,2021-06-18 12:12:46,"Essex Property Trust, Inc.","Essex Property Trust, Inc.",ESS,,0000920522,Real Estate,Residential REITs,"San Mateo, California",1971
174,2021-06-18 12:12:46,2021-06-18 12:12:46,Estée Lauder Companies,Estée Lauder Companies,EL,,0001001250,Consumer Staples,Personal Products,"New York, New York",1946
175,2021-06-18 12:12:46,2021-06-18 12:12:46,Etsy,Etsy,ETSY,,0001370637,Consumer Discretionary,Internet & Direct Marketing Retail,"Brooklyn, New York",2005
178,2021-06-18 12:12:46,2021-06-18 12:12:46,Everest Re Group Ltd.,Everest Re Group Ltd.,RE,,0001095073,Financials,Reinsurance,"Hamilton, Bermuda",1973
176,2021-06-18 12:12:46,2021-06-18 12:12:46,Evergy,Evergy,EVRG,,0001711269,Utilities,Electric Utilities,"Kansas City, Missouri",1909
177,2021-06-18 12:12:46,2021-06-18 12:12:46,Eversource Energy,Eversource Energy,ES,,0000072741,Utilities,Multi-Utilities,"Hartford, Connecticut",1966
179,2021-06-18 12:12:46,2021-06-18 12:12:46,Exelon Corp.,Exelon Corp.,EXC,,0001109357,Utilities,Multi-Utilities,"Chicago, Illinois",2000
180,2021-06-18 12:12:46,2021-06-18 12:12:46,Expedia Group,Expedia Group,EXPE,,0001324424,Consumer Discretionary,Internet & Direct Marketing Retail,"Seattle, Washington",1996
181,2021-06-18 12:12:46,2021-06-18 12:12:46,Expeditors,Expeditors,EXPD,,0000746515,Industrials,Air Freight & Logistics,"Seattle, Washington",1979
182,2021-06-18 12:12:46,2021-06-18 12:12:46,Extra Space Storage,Extra Space Storage,EXR,,0001289490,Real Estate,Specialized REITs,"Salt Lake City, Utah",1977
183,2021-06-18 12:12:46,2021-06-18 12:12:46,Exxon Mobil Corp.,Exxon Mobil Corp.,XOM,,0000034088,Energy,Integrated Oil & Gas,"Irving, Texas",1999
184,2021-06-18 12:12:46,2021-06-18 12:12:46,F5 Networks,F5 Networks,FFIV,,0001048695,Information Technology,Communications Equipment,"Seattle, Washington",1996
195,2021-06-18 12:12:46,2021-06-18 12:12:46,FLIR Systems,FLIR Systems,FLIR,,0000354908,Information Technology,Electronic Equipment & Instruments,"Wilsonville, Oregon",1978
197,2021-06-18 12:12:46,2021-06-18 12:12:46,FMC Corporation,FMC Corporation,FMC,,0000037785,Materials,Fertilizers & Agricultural Chemicals,"Philadelphia, Pennsylvania",1883
185,2021-06-18 12:12:46,2021-06-18 12:12:46,"Facebook, Inc.","Facebook, Inc.",FB,,0001326801,Communication Services,Interactive Media & Services,"Menlo Park, California",2004
186,2021-06-18 12:12:46,2021-06-18 12:12:46,Fastenal Co,Fastenal Co,FAST,,0000815556,Industrials,Building Products,"Winona, Minnesota",1967
188,2021-06-18 12:12:46,2021-06-18 12:12:46,FedEx Corporation,FedEx,FDX,,0001048911,Industrials,Air Freight & Logistics,"Memphis, Tennessee",1971
187,2021-06-18 12:12:46,2021-06-18 12:12:46,Federal Realty Investment Trust,Federal Realty Investment Trust,FRT,,0000034903,Real Estate,Retail REITs,"Rockville, Maryland",1962
189,2021-06-18 12:12:46,2021-06-18 12:12:46,Fidelity National Information Services,Fidelity National Information Services,FIS,,0001136893,Information Technology,Data Processing & Outsourced Services,"Jacksonville, Florida",1968
190,2021-06-18 12:12:46,2021-06-18 12:12:46,Fifth Third Bancorp,Fifth Third Bancorp,FITB,,0000035527,Financials,Regional Banks,"Cincinnati, Ohio",1858
192,2021-06-18 12:12:46,2021-06-18 12:12:46,First Republic Bank,First Republic Bank,FRC,,0001132979,Financials,Regional Banks,"San Francisco, California",1985
191,2021-06-18 12:12:46,2021-06-18 12:12:46,FirstEnergy Corp,FirstEnergy Corp,FE,,0001031296,Utilities,Electric Utilities,"Akron, Ohio",1997
193,2021-06-18 12:12:46,2021-06-18 12:12:46,Fiserv Inc,Fiserv Inc,FISV,,0000798354,Information Technology,Data Processing & Outsourced Services,"Brookfield, Wisconsin",1984
194,2021-06-18 12:12:46,2021-06-18 12:12:46,FleetCor Technologies Inc,FleetCor Technologies Inc,FLT,,0001175454,Information Technology,Data Processing & Outsourced Services,"Norcross, Georgia",2000
196,2021-06-18 12:12:46,2021-06-18 12:12:46,Flowserve Corporation,Flowserve Corporation,FLS,,0000030625,Industrials,Industrial Machinery,"Irving, Texas",1997
198,2021-06-18 12:12:46,2021-06-18 12:12:46,Ford Motor Company,Ford Motor Company,F,,0000037996,Consumer Discretionary,Automobile Manufacturers,"Dearborn, Michigan",1903
199,2021-06-18 12:12:46,2021-06-18 12:12:46,Fortinet,Fortinet,FTNT,,0001262039,Information Technology,Systems Software,"Sunnyvale, California",2000
200,2021-06-18 12:12:46,2021-06-18 12:12:46,Fortive Corp,Fortive Corp,FTV,,0001659166,Industrials,Industrial Machinery,"Everett, Washington",2016
201,2021-06-18 12:12:46,2021-06-18 12:12:46,Fortune Brands Home & Security,Fortune Brands Home & Security,FBHS,,0001519751,Industrials,Building Products,"Deerfield, Illinois",2011 (1969)
202,2021-06-18 12:12:46,2021-06-18 12:12:46,Fox Corporation (Class A),Fox Corporation (Class A),FOXA,,0001754301,Communication Services,Movies & Entertainment,"New York, New York",2019
203,2021-06-18 12:12:46,2021-06-18 12:12:46,Fox Corporation (Class B),Fox Corporation (Class B),FOX,,0001754301,Communication Services,Movies & Entertainment,"New York, New York",2019
204,2021-06-18 12:12:46,2021-06-18 12:12:46,Franklin Resources,Franklin Resources,BEN,,0000038777,Financials,Asset Management & Custody Banks,"San Mateo, California",1947
205,2021-06-18 12:12:46,2021-06-18 12:12:46,Freeport-McMoRan Inc.,Freeport-McMoRan Inc.,FCX,,0000831259,Materials,Copper,"Phoenix, Arizona",1912
206,2021-06-18 12:12:46,2021-06-18 12:12:46,Gap Inc.,Gap,GPS,,0000039911,Consumer Discretionary,Apparel Retail,"San Francisco, California",1969
207,2021-06-18 12:12:46,2021-06-18 12:12:46,Garmin Ltd.,Garmin Ltd.,GRMN,,0001121788,Consumer Discretionary,Consumer Electronics,"Schaffhausen, Switzerland",1989
208,2021-06-18 12:12:46,2021-06-18 12:12:46,Gartner Inc,Gartner Inc,IT,,0000749251,Information Technology,IT Consulting & Other Services,"Stamford, Connecticut",1979
209,2021-06-18 12:12:46,2021-06-18 12:12:46,General Dynamics,General Dynamics,GD,,0000040533,Industrials,Aerospace & Defense,"Falls Church, Virginia",1899
210,2021-06-18 12:12:46,2021-06-18 12:12:46,General Electric,General Electric,GE,,0000040545,Industrials,Industrial Conglomerates,"Boston, Massachusetts",1892
211,2021-06-18 12:12:46,2021-06-18 12:12:46,General Mills,General Mills,GIS,,0000040704,Consumer Staples,Packaged Foods & Meats,"Golden Valley, Minnesota",1856
212,2021-06-18 12:12:46,2021-06-18 12:12:46,General Motors,General Motors,GM,,0001467858,Consumer Discretionary,Automobile Manufacturers,"Detroit, Michigan",1908
213,2021-06-18 12:12:46,2021-06-18 12:12:46,Genuine Parts,Genuine Parts,GPC,,0000040987,Consumer Discretionary,Specialty Stores,"Atlanta, Georgia",1925
214,2021-06-18 12:12:46,2021-06-18 12:12:46,Gilead Sciences,Gilead Sciences,GILD,,0000882095,Health Care,Biotechnology,"Foster City, California",1987
216,2021-06-18 12:12:46,2021-06-18 12:12:46,Global Payments Inc.,Global Payments Inc.,GPN,,0001123360,Information Technology,Data Processing & Outsourced Services,"Atlanta, Georgia",2000
215,2021-06-18 12:12:46,2021-06-18 12:12:46,Globe Life Inc.,Globe Life Inc.,GL,,0000320335,Financials,Life & Health Insurance,"McKinney, Texas",1900
217,2021-06-18 12:12:46,2021-06-18 12:12:46,Goldman Sachs Group,Goldman Sachs Group,GS,,0000886982,Financials,Investment Banking & Brokerage,"New York, New York",1869
218,2021-06-18 12:12:46,2021-06-18 12:12:46,Grainger (W.W.) Inc.,Grainger (W.W.) Inc.,GWW,,0000277135,Industrials,Industrial Machinery,"Lake Forest, Illinois",1927
223,2021-06-18 12:12:46,2021-06-18 12:12:46,HCA Healthcare,HCA Healthcare,HCA,,0000860730,Health Care,Health Care Facilities,"Nashville, Tennessee",1968
237,2021-06-18 12:12:46,2021-06-18 12:12:46,HP Inc.,HP Inc.,HPQ,,0000047217,Information Technology,"Technology Hardware, Storage & Peripherals","Palo Alto, California",1939 (2015)
219,2021-06-18 12:12:46,2021-06-18 12:12:46,Halliburton Co.,Halliburton Co.,HAL,,0000045012,Energy,Oil & Gas Equipment & Services,"Houston, Texas",1919
220,2021-06-18 12:12:46,2021-06-18 12:12:46,Hanesbrands Inc,Hanesbrands Inc,HBI,,0001359841,Consumer Discretionary,"Apparel, Accessories & Luxury Goods","Winston-Salem, North Carolina",2000
221,2021-06-18 12:12:46,2021-06-18 12:12:46,Hartford Financial Svc.Gp.,Hartford Financial Svc.Gp.,HIG,,0000874766,Financials,Property & Casualty Insurance,"Hartford, Connecticut",1810
222,2021-06-18 12:12:46,2021-06-18 12:12:46,Hasbro Inc.,Hasbro Inc.,HAS,,0000046080,Consumer Discretionary,Leisure Products,"Pawtucket, Rhode Island",1923
224,2021-06-18 12:12:46,2021-06-18 12:12:46,Healthpeak Properties,Healthpeak Properties,PEAK,,0000765880,Real Estate,Health Care REITs,"Long Beach, California",1985
225,2021-06-18 12:12:46,2021-06-18 12:12:46,Henry Schein,Henry Schein,HSIC,,0001000228,Health Care,Health Care Distributors,"Melville, New York",1932
227,2021-06-18 12:12:46,2021-06-18 12:12:46,Hess Corporation,Hess Corporation,HES,,0000004447,Energy,Integrated Oil & Gas,"New York, New York",1919
228,2021-06-18 12:12:46,2021-06-18 12:12:46,Hewlett Packard Enterprise,Hewlett Packard Enterprise,HPE,,0001645590,Information Technology,"Technology Hardware, Storage & Peripherals","Houston, Texas",2015
229,2021-06-18 12:12:46,2021-06-18 12:12:46,Hilton Worldwide Holdings Inc,Hilton Worldwide Holdings Inc,HLT,,0001585689,Consumer Discretionary,"Hotels, Resorts & Cruise Lines","Tysons Corner, Virginia",1919
230,2021-06-18 12:12:46,2021-06-18 12:12:46,HollyFrontier Corp,HollyFrontier Corp,HFC,,0000048039,Energy,Oil & Gas Refining & Marketing,"Dallas, Texas",1947
231,2021-06-18 12:12:46,2021-06-18 12:12:46,Hologic,Hologic,HOLX,,0000859737,Health Care,Health Care Equipment,"Marlborough, Massachusetts",1985
232,2021-06-18 12:12:46,2021-06-18 12:12:46,Home Depot,Home Depot,HD,,0000354950,Consumer Discretionary,Home Improvement Retail,"Atlanta, Georgia",1978
233,2021-06-18 12:12:46,2021-06-18 12:12:46,Honeywell Int'l Inc.,Honeywell Int'l Inc.,HON,,0000773840,Industrials,Industrial Conglomerates,"Morristown, New Jersey",1906
234,2021-06-18 12:12:46,2021-06-18 12:12:46,Hormel Foods Corp.,Hormel Foods Corp.,HRL,,0000048465,Consumer Staples,Packaged Foods & Meats,"Austin, Minnesota",1891
235,2021-06-18 12:12:46,2021-06-18 12:12:46,Host Hotels & Resorts,Host Hotels & Resorts,HST,,0001070750,Real Estate,Hotel & Resort REITs,"Bethesda, Maryland",1993
236,2021-06-18 12:12:46,2021-06-18 12:12:46,Howmet Aerospace,Howmet Aerospace,HWM,,0000004281,Industrials,Aerospace & Defense,"Pittsburgh, Pennsylvania",2016
238,2021-06-18 12:12:46,2021-06-18 12:12:46,Humana Inc.,Humana Inc.,HUM,,0000049071,Health Care,Managed Health Care,"Louisville, Kentucky",1961
239,2021-06-18 12:12:46,2021-06-18 12:12:46,Huntington Bancshares,Huntington Bancshares,HBAN,,0000049196,Financials,Regional Banks,"Columbus, Ohio",1866
240,2021-06-18 12:12:46,2021-06-18 12:12:46,Huntington Ingalls Industries,Huntington Ingalls Industries,HII,,0001501585,Industrials,Aerospace & Defense,"Newport News, Virginia",2011
241,2021-06-18 12:12:46,2021-06-18 12:12:46,IDEX Corporation,IDEX Corporation,IEX,,0000832101,Industrials,Industrial Machinery,"Lake Forest, Illinois",1988
243,2021-06-18 12:12:46,2021-06-18 12:12:46,IHS Markit,IHS Markit,INFO,,0001598014,Industrials,Research & Consulting Services,"London, United Kingdom",1959
257,2021-06-18 12:12:46,2021-06-18 12:12:46,IPG Photonics Corp.,IPG Photonics Corp.,IPGP,,0001111928,Information Technology,Electronic Manufacturing Services,"Oxford, Massachusetts",1990
258,2021-06-18 12:12:46,2021-06-18 12:12:46,IQVIA Holdings Inc.,IQVIA Holdings Inc.,IQV,,0001478242,Health Care,Life Sciences Tools & Services,"Durham, North Carolina",1982
242,2021-06-18 12:12:46,2021-06-18 12:12:46,Idexx Laboratories,Idexx Laboratories,IDXX,,0000874716,Health Care,Health Care Equipment,"Westbrook, Maine",1983
244,2021-06-18 12:12:46,2021-06-18 12:12:46,Illinois Tool Works,Illinois Tool Works,ITW,,0000049826,Industrials,Industrial Machinery,"Glenview, Illinois",1912
245,2021-06-18 12:12:46,2021-06-18 12:12:46,Illumina Inc,Illumina Inc,ILMN,,0001110803,Health Care,Life Sciences Tools & Services,"San Diego, California",1998
246,2021-06-18 12:12:46,2021-06-18 12:12:46,Incyte,Incyte,INCY,,0000879169,Health Care,Biotechnology,"Wilmington, Delaware",1991
247,2021-06-18 12:12:46,2021-06-18 12:12:46,Ingersoll Rand,Ingersoll Rand,IR,,0001699150,Industrials,Industrial Machinery,"Milwaukee, Wisconsin",1859
248,2021-06-18 12:12:46,2021-06-18 12:12:46,Intel Corp.,Intel Corp.,INTC,,0000050863,Information Technology,Semiconductors,"Santa Clara, California",1968
249,2021-06-18 12:12:46,2021-06-18 12:12:46,Intercontinental Exchange,Intercontinental Exchange,ICE,,0001571949,Financials,Financial Exchanges & Data,"Atlanta, Georgia",2000
250,2021-06-18 12:12:46,2021-06-18 12:12:46,International Business Machines,International Business Machines,IBM,,0000051143,Information Technology,IT Consulting & Other Services,"Armonk, New York",1911
253,2021-06-18 12:12:46,2021-06-18 12:12:46,International Flavors & Fragrances,International Flavors & Fragrances,IFF,,0000051253,Materials,Specialty Chemicals,"New York, New York",1958 (1889)
251,2021-06-18 12:12:46,2021-06-18 12:12:46,International Paper,International Paper,IP,,0000051434,Materials,Paper Packaging,"Memphis, Tennessee",1898
252,2021-06-18 12:12:46,2021-06-18 12:12:46,Interpublic Group,Interpublic Group,IPG,,0000051644,Communication Services,Advertising,"New York, New York",1961 (1930)
254,2021-06-18 12:12:46,2021-06-18 12:12:46,Intuit Inc.,Intuit Inc.,INTU,,0000896878,Information Technology,Application Software,"Mountain View, California",1983
255,2021-06-18 12:12:46,2021-06-18 12:12:46,Intuitive Surgical Inc.,Intuitive Surgical Inc.,ISRG,,0001035267,Health Care,Health Care Equipment,"Sunnyvale, California",1995
256,2021-06-18 12:12:46,2021-06-18 12:12:46,Invesco Ltd.,Invesco Ltd.,IVZ,,0000914208,Financials,Asset Management & Custody Banks,"Atlanta, Georgia",1935
259,2021-06-18 12:12:46,2021-06-18 12:12:46,Iron Mountain Incorporated,Iron Mountain Incorporated,IRM,,0001020569,Real Estate,Specialized REITs,"Boston, Massachusetts",1951
262,2021-06-18 12:12:46,2021-06-18 12:12:46,J. B. Hunt Transport Services,J. B. Hunt Transport Services,JBHT,,0000728535,Industrials,Trucking,"Lowell, Arkansas",1961
263,2021-06-18 12:12:46,2021-06-18 12:12:46,JM Smucker,JM Smucker,SJM,,0000091419,Consumer Staples,Packaged Foods & Meats,"Orrville, Ohio",1897
266,2021-06-18 12:12:46,2021-06-18 12:12:46,JPMorgan Chase & Co.,JPMorgan Chase & Co.,JPM,,0000019617,Financials,Diversified Banks,"New York, New York",2000 (1799 / 1871)
260,2021-06-18 12:12:46,2021-06-18 12:12:46,Jack Henry & Associates,Jack Henry & Associates,JKHY,,0000779152,Information Technology,Data Processing & Outsourced Services,"Monett, Missouri",1976
261,2021-06-18 12:12:46,2021-06-18 12:12:46,Jacobs Engineering Group,Jacobs Engineering Group,J,,0000052988,Industrials,Construction & Engineering,"Dallas, Texas",1947
264,2021-06-18 12:12:46,2021-06-18 12:12:46,Johnson & Johnson,Johnson & Johnson,JNJ,,0000200406,Health Care,Pharmaceuticals,"New Brunswick, New Jersey",1886
265,2021-06-18 12:12:46,2021-06-18 12:12:46,Johnson Controls International,Johnson Controls International,JCI,,0000833444,Industrials,Building Products,"Cork, Ireland",1885
267,2021-06-18 12:12:46,2021-06-18 12:12:46,Juniper Networks,Juniper Networks,JNPR,,0001043604,Information Technology,Communications Equipment,"Sunnyvale, California",1996
275,2021-06-18 12:12:46,2021-06-18 12:12:46,KLA Corporation,KLA Corporation,KLAC,,0000319201,Information Technology,Semiconductor Equipment,"Milpitas, California",1975/1977 (1997)
268,2021-06-18 12:12:46,2021-06-18 12:12:46,Kansas City Southern,Kansas City Southern,KSU,,0000054480,Industrials,Railroads,"Kansas City, Missouri",1887
269,2021-06-18 12:12:46,2021-06-18 12:12:46,Kellogg Co.,Kellogg Co.,K,,0000055067,Consumer Staples,Packaged Foods & Meats,"Battle Creek, Michigan",1906
270,2021-06-18 12:12:46,2021-06-18 12:12:46,KeyCorp,KeyCorp,KEY,,0000091576,Financials,Regional Banks,"Cleveland, Ohio",1825
271,2021-06-18 12:12:46,2021-06-18 12:12:46,Keysight Technologies,Keysight Technologies,KEYS,,0001601046,Information Technology,Electronic Equipment & Instruments,"Santa Rosa, California",2014
272,2021-06-18 12:12:46,2021-06-18 12:12:46,Kimberly-Clark,Kimberly-Clark,KMB,,0000055785,Consumer Staples,Household Products,"Irving, Texas",1872
273,2021-06-18 12:12:46,2021-06-18 12:12:46,Kimco Realty,Kimco Realty,KIM,,0000879101,Real Estate,Retail REITs,"New Hyde Park, New York",1958
274,2021-06-18 12:12:46,2021-06-18 12:12:46,Kinder Morgan,Kinder Morgan,KMI,,0001506307,Energy,Oil & Gas Storage & Transportation,"Houston, Texas",1997
276,2021-06-18 12:12:46,2021-06-18 12:12:46,Kraft Heinz Co,Kraft Heinz Co,KHC,,0001637459,Consumer Staples,Packaged Foods & Meats,"Chicago, Illinois; Pittsburgh, Pennsylvania",2015 (1869)
277,2021-06-18 12:12:46,2021-06-18 12:12:46,Kroger Co.,Kroger Co.,KR,,0000056873,Consumer Staples,Food Retail,"Cincinnati, Ohio",1883
278,2021-06-18 12:12:46,2021-06-18 12:12:46,L Brands Inc.,L Brands Inc.,LB,,0000701985,Consumer Discretionary,Apparel Retail,"Columbus, Ohio",1963
279,2021-06-18 12:12:46,2021-06-18 12:12:46,L3Harris Technologies,L3Harris Technologies,LHX,,0000202058,Industrials,Aerospace & Defense,"Melbourne, Florida",2019 (1895)
291,2021-06-18 12:12:46,2021-06-18 12:12:46,LKQ Corporation,LKQ Corporation,LKQ,,0001065696,Consumer Discretionary,Distributors,"Chicago, Illinois",1998
280,2021-06-18 12:12:46,2021-06-18 12:12:46,Laboratory Corp. of America Holding,Laboratory Corp. of America Holding,LH,,0000920148,Health Care,Health Care Services,"Burlington, North Carolina",1978
281,2021-06-18 12:12:46,2021-06-18 12:12:46,Lam Research,Lam Research,LRCX,,0000707549,Information Technology,Semiconductor Equipment,"Fremont, California",1980
282,2021-06-18 12:12:46,2021-06-18 12:12:46,Lamb Weston Holdings Inc,Lamb Weston Holdings Inc,LW,,0001679273,Consumer Staples,Packaged Foods & Meats,"Eagle, Idaho",2016 (1950)
283,2021-06-18 12:12:46,2021-06-18 12:12:46,Las Vegas Sands,Las Vegas Sands,LVS,,0001300514,Consumer Discretionary,Casinos & Gaming,"Las Vegas, Nevada",1988
284,2021-06-18 12:12:46,2021-06-18 12:12:46,Leggett & Platt,Leggett & Platt,LEG,,0000058492,Consumer Discretionary,Home Furnishings,"Carthage, Missouri",1883
285,2021-06-18 12:12:46,2021-06-18 12:12:46,Leidos Holdings,Leidos Holdings,LDOS,,0001336920,Information Technology,IT Consulting & Other Services,"Reston, Virginia",1969
286,2021-06-18 12:12:46,2021-06-18 12:12:46,Lennar Corp.,Lennar Corp.,LEN,,0000920760,Consumer Discretionary,Homebuilding,"Miami, Florida",1954
287,2021-06-18 12:12:46,2021-06-18 12:12:46,Lilly (Eli) & Co.,Lilly (Eli) & Co.,LLY,,0000059478,Health Care,Pharmaceuticals,"Indianapolis, Indiana",1876
288,2021-06-18 12:12:46,2021-06-18 12:12:46,Lincoln National,Lincoln National,LNC,,0000059558,Financials,Multi-line Insurance,"Radnor, Pennsylvania",1905
289,2021-06-18 12:12:46,2021-06-18 12:12:46,Linde plc,Linde plc,LIN,,0001707925,Materials,Industrial Gases,"Guildford, Surrey, United Kingdom",1879
290,2021-06-18 12:12:46,2021-06-18 12:12:46,Live Nation Entertainment,Live Nation Entertainment,LYV,,0001335258,Communication Services,Movies & Entertainment,"Beverly Hills, California",2010
292,2021-06-18 12:12:46,2021-06-18 12:12:46,Lockheed Martin Corp.,Lockheed Martin Corp.,LMT,,0000936468,Industrials,Aerospace & Defense,"Bethesda, Maryland",1995
293,2021-06-18 12:12:46,2021-06-18 12:12:46,Loews Corp.,Loews Corp.,L,,0000060086,Financials,Multi-line Insurance,"New York, New York",1959
294,2021-06-18 12:12:46,2021-06-18 12:12:46,Lowe's Cos.,Lowe's Cos.,LOW,,0000060667,Consumer Discretionary,Home Improvement Retail,"Mooresville, North Carolina",1904/1946/1959
295,2021-06-18 12:12:46,2021-06-18 12:12:46,Lumen Technologies,Lumen Technologies,LUMN,,0000018926,Communication Services,Alternative Carriers,"Monroe, Louisiana",1983 (1877)
296,2021-06-18 12:12:46,2021-06-18 12:12:46,LyondellBasell,LyondellBasell,LYB,,0001489393,Materials,Specialty Chemicals,"Rotterdam, Netherlands",2007
297,2021-06-18 12:12:46,2021-06-18 12:12:46,M&T Bank,M&T Bank,MTB,,0000036270,Financials,Regional Banks,"Buffalo, New York",1856
314,2021-06-18 12:12:46,2021-06-18 12:12:46,MGM Resorts International,MGM Resorts International,MGM,,0000789570,Consumer Discretionary,Casinos & Gaming,"Paradise, Nevada",1986
328,2021-06-18 12:12:46,2021-06-18 12:12:46,MSCI Inc,MSCI Inc,MSCI,,0001408198,Financials,Financial Exchanges & Data,"New York, New York",1969
298,2021-06-18 12:12:46,2021-06-18 12:12:46,Marathon Oil Corp.,Marathon Oil Corp.,MRO,,0000101778,Energy,Oil & Gas Exploration & Production,"Houston, Texas",1887
299,2021-06-18 12:12:46,2021-06-18 12:12:46,Marathon Petroleum,Marathon Petroleum,MPC,,0001510295,Energy,Oil & Gas Refining & Marketing,"Findlay, Ohio",2009 (1887)
300,2021-06-18 12:12:46,2021-06-18 12:12:46,MarketAxess,MarketAxess,MKTX,,0001278021,Financials,Financial Exchanges & Data,"New York, New York",2000
301,2021-06-18 12:12:46,2021-06-18 12:12:46,Marriott International,Marriott International,MAR,,0001048286,Consumer Discretionary,"Hotels, Resorts & Cruise Lines","Bethesda, Maryland",1927
302,2021-06-18 12:12:46,2021-06-18 12:12:46,Marsh & McLennan,Marsh & McLennan,MMC,,0000062709,Financials,Insurance Brokers,"New York, New York",1905
303,2021-06-18 12:12:46,2021-06-18 12:12:46,Martin Marietta Materials,Martin Marietta Materials,MLM,,0000916076,Materials,Construction Materials,"Raleigh, North Carolina",1993
304,2021-06-18 12:12:46,2021-06-18 12:12:46,Masco Corp.,Masco Corp.,MAS,,0000062996,Industrials,Building Products,"Livonia, Michigan",1929
305,2021-06-18 12:12:46,2021-06-18 12:12:46,Mastercard Inc.,Mastercard Inc.,MA,,0001141391,Information Technology,Data Processing & Outsourced Services,"Harrison, New York",1966
307,2021-06-18 12:12:46,2021-06-18 12:12:46,Maxim Integrated Products,Maxim Integrated Products,MXIM,,0000743316,Information Technology,Semiconductors,"San Jose, California",1983
306,2021-06-18 12:12:46,2021-06-18 12:12:46,McCormick & Co.,McCormick & Co.,MKC,,0000063754,Consumer Staples,Packaged Foods & Meats,"Hunt Valley, Maryland",1889
308,2021-06-18 12:12:46,2021-06-18 12:12:46,McDonald's Corp.,McDonald's,MCD,,0000063908,Consumer Discretionary,Restaurants,"Chicago, Illinois",1940
309,2021-06-18 12:12:46,2021-06-18 12:12:46,McKesson Corp.,McKesson Corp.,MCK,,0000927653,Health Care,Health Care Distributors,"Irving, Texas",1833
310,2021-06-18 12:12:46,2021-06-18 12:12:46,Medtronic plc,Medtronic plc,MDT,,0001613103,Health Care,Health Care Equipment,"Dublin, Ireland",1949
311,2021-06-18 12:12:46,2021-06-18 12:12:46,Merck & Co.,Merck & Co.,MRK,,0000310158,Health Care,Pharmaceuticals,"Kenilworth, New Jersey",1891
312,2021-06-18 12:12:46,2021-06-18 12:12:46,MetLife Inc.,MetLife Inc.,MET,,0001099219,Financials,Life & Health Insurance,"New York, New York",1868
313,2021-06-18 12:12:46,2021-06-18 12:12:46,Mettler Toledo,Mettler Toledo,MTD,,0001037646,Health Care,Life Sciences Tools & Services,"Columbus, Ohio",1945
315,2021-06-18 12:12:46,2021-06-18 12:12:46,Microchip Technology,Microchip Technology,MCHP,,0000827054,Information Technology,Semiconductors,"Chandler, Arizona",1989
316,2021-06-18 12:12:46,2021-06-18 12:12:46,Micron Technology,Micron Technology,MU,,0000723125,Information Technology,Semiconductors,"Boise, Idaho",1978
317,2021-06-18 12:12:46,2021-06-18 12:12:46,Microsoft Corp.,Microsoft Corp.,MSFT,,0000789019,Information Technology,Systems Software,"Redmond, Washington",1975
318,2021-06-18 12:12:46,2021-06-18 12:12:46,Mid-America Apartments,Mid-America Apartments,MAA,,0000912595,Real Estate,Residential REITs,"Memphis, Tennessee",1977
319,2021-06-18 12:12:46,2021-06-18 12:12:46,Mohawk Industries,Mohawk Industries,MHK,,0000851968,Consumer Discretionary,Home Furnishings,"Calhoun, Georgia",1878
320,2021-06-18 12:12:46,2021-06-18 12:12:46,Molson Coors Beverage Company,Molson Coors Beverage Company,TAP,,0000024545,Consumer Staples,Brewers,"Denver, Colorado","2005 (Molson 1786, Coors 1873)"
321,2021-06-18 12:12:46,2021-06-18 12:12:46,Mondelez International,Mondelez International,MDLZ,,0001103982,Consumer Staples,Packaged Foods & Meats,"Chicago, Illinois",2012
322,2021-06-18 12:12:46,2021-06-18 12:12:46,Monolithic Power Systems,Monolithic Power Systems,MPWR,,0001280452,Information Technology,Semiconductors,"Kirkland, Washington",1997
323,2021-06-18 12:12:46,2021-06-18 12:12:46,Monster Beverage,Monster Beverage,MNST,,0000865752,Consumer Staples,Soft Drinks,"Corona, California",2012 (1935)
324,2021-06-18 12:12:46,2021-06-18 12:12:46,Moody's Corp,Moody's Corp,MCO,,0001059556,Financials,Financial Exchanges & Data,"New York, New York",1909
325,2021-06-18 12:12:46,2021-06-18 12:12:46,Morgan Stanley,Morgan Stanley,MS,,0000895421,Financials,Investment Banking & Brokerage,"New York, New York",1935
327,2021-06-18 12:12:46,2021-06-18 12:12:46,Motorola Solutions Inc.,Motorola Solutions Inc.,MSI,,0000068505,Information Technology,Communications Equipment,"Chicago, Illinois",1928 (2011)
345,2021-06-18 12:12:46,2021-06-18 12:12:46,NOV Inc.,NOV Inc.,NOV,,0001021860,Energy,Oil & Gas Equipment & Services,"Houston, Texas",1841
346,2021-06-18 12:12:46,2021-06-18 12:12:46,NRG Energy,NRG Energy,NRG,,0001013871,Utilities,Independent Power Producers & Energy Traders,"Princeton, New Jersey",1992
349,2021-06-18 12:12:46,2021-06-18 12:12:46,"NVR, Inc.","NVR, Inc.",NVR,,0000906163,Consumer Discretionary,Homebuilding,"Reston, Virginia",1980
329,2021-06-18 12:12:46,2021-06-18 12:12:46,"Nasdaq, Inc.","Nasdaq, Inc.",NDAQ,,0001120193,Financials,Financial Exchanges & Data,"New York, New York",1971
330,2021-06-18 12:12:46,2021-06-18 12:12:46,NetApp,NetApp,NTAP,,0001002047,Information Technology,"Technology Hardware, Storage & Peripherals","Sunnyvale, California",1992
331,2021-06-18 12:12:46,2021-06-18 12:12:46,Netflix Inc.,Netflix Inc.,NFLX,,0001065280,Communication Services,Movies & Entertainment,"Los Gatos, California",1997
332,2021-06-18 12:12:46,2021-06-18 12:12:46,Newell Brands,Newell Brands,NWL,,0000814453,Consumer Discretionary,Housewares & Specialties,"Atlanta, Georgia",1903
333,2021-06-18 12:12:46,2021-06-18 12:12:46,Newmont Corporation,Newmont Corporation,NEM,,0001164727,Materials,Gold,"Denver, Colorado",1921
334,2021-06-18 12:12:46,2021-06-18 12:12:46,News Corp (Class A),News Corp,NWSA,,0001564708,Communication Services,Publishing,"New York, New York",2013 (1980)
335,2021-06-18 12:12:46,2021-06-18 12:12:46,News Corp (Class B),News Corp (Class B),NWS,,0001564708,Communication Services,Publishing,"New York, New York",2013 (1980)
336,2021-06-18 12:12:46,2021-06-18 12:12:46,NextEra Energy,NextEra Energy,NEE,,0000753308,Utilities,Multi-Utilities,"Juno Beach, Florida",1984 (1925)
339,2021-06-18 12:12:46,2021-06-18 12:12:46,NiSource Inc.,NiSource Inc.,NI,,0001111711,Utilities,Multi-Utilities,"Merrillville, Indiana",1912
337,2021-06-18 12:12:46,2021-06-18 12:12:46,Nielsen Holdings,Nielsen Holdings,NLSN,,0001492633,Industrials,Research & Consulting Services,"New York, New York",1923
338,2021-06-18 12:12:46,2021-06-18 12:12:46,"Nike, Inc.","Nike, Inc.",NKE,,0000320187,Consumer Discretionary,"Apparel, Accessories & Luxury Goods","Washington County, Oregon",1964
340,2021-06-18 12:12:46,2021-06-18 12:12:46,Norfolk Southern Corp.,Norfolk Southern Corp.,NSC,,0000702165,Industrials,Railroads,"Norfolk, Virginia",1881/1894 (1980)
341,2021-06-18 12:12:46,2021-06-18 12:12:46,Northern Trust Corp.,Northern Trust Corp.,NTRS,,0000073124,Financials,Asset Management & Custody Banks,"Chicago, Illinois",1889
342,2021-06-18 12:12:46,2021-06-18 12:12:46,Northrop Grumman,Northrop Grumman,NOC,,0001133421,Industrials,Aerospace & Defense,"West Falls Church, Virginia","1994 (Northrop 1939, Grumman 1930)"
343,2021-06-18 12:12:46,2021-06-18 12:12:46,NortonLifeLock,NortonLifeLock,NLOK,,0000849399,Information Technology,Application Software,"Tempe, Arizona",1982
344,2021-06-18 12:12:46,2021-06-18 12:12:46,Norwegian Cruise Line Holdings,Norwegian Cruise Line Holdings,NCLH,,0001513761,Consumer Discretionary,"Hotels, Resorts & Cruise Lines","Miami, Florida",2011 (1966)
347,2021-06-18 12:12:46,2021-06-18 12:12:46,Nucor Corp.,Nucor Corp.,NUE,,0000073309,Materials,Steel,"Charlotte, North Carolina",1940
348,2021-06-18 12:12:46,2021-06-18 12:12:46,Nvidia Corporation,Nvidia Corporation,NVDA,,0001045810,Information Technology,Semiconductors,"Santa Clara, California",1993
350,2021-06-18 12:12:46,2021-06-18 12:12:46,O'Reilly Automotive,O'Reilly Automotive,ORLY,,0000898173,Consumer Discretionary,Specialty Stores,"Springfield, Missouri",1957
351,2021-06-18 12:12:46,2021-06-18 12:12:46,Occidental Petroleum,Occidental Petroleum,OXY,,0000797468,Energy,Oil & Gas Exploration & Production,"Houston, Texas",1920
352,2021-06-18 12:12:46,2021-06-18 12:12:46,Old Dominion Freight Line,Old Dominion Freight Line,ODFL,,0000878927,Industrials,Trucking,"Thomasville, North Carolina",1934
353,2021-06-18 12:12:46,2021-06-18 12:12:46,Omnicom Group,Omnicom Group,OMC,,0000029989,Communication Services,Advertising,"New York, New York",1986
354,2021-06-18 12:12:46,2021-06-18 12:12:46,Oneok,Oneok,OKE,,0001039684,Energy,Oil & Gas Storage & Transportation,"Tulsa, Oklahoma",1906
355,2021-06-18 12:12:46,2021-06-18 12:12:46,Oracle Corp.,Oracle Corp.,ORCL,,0001341439,Information Technology,Application Software,"Austin, Texas",1977
356,2021-06-18 12:12:46,2021-06-18 12:12:46,Otis Worldwide,Otis Worldwide,OTIS,,0001781335,Industrials,Industrial Machinery,"Farmington, Connecticut",2020 (1853)
373,2021-06-18 12:12:46,2021-06-18 12:12:46,PNC Financial Services,PNC Financial Services,PNC,,0000713676,Financials,Regional Banks,"Pittsburgh, Pennsylvania",1845
375,2021-06-18 12:12:46,2021-06-18 12:12:46,PPG Industries,PPG Industries,PPG,,0000079879,Materials,Specialty Chemicals,"Pittsburgh, Pennsylvania",1883
376,2021-06-18 12:12:46,2021-06-18 12:12:46,PPL Corp.,PPL Corp.,PPL,,0000922224,Utilities,Electric Utilities,"Allentown, Pennsylvania",1920
385,2021-06-18 12:12:46,2021-06-18 12:12:46,PVH Corp.,PVH Corp.,PVH,,0000078239,Consumer Discretionary,"Apparel, Accessories & Luxury Goods","New York, New York",1881
357,2021-06-18 12:12:46,2021-06-18 12:12:46,Paccar,Paccar,PCAR,,0000075362,Industrials,Construction Machinery & Heavy Trucks,"Bellevue, Washington",1905
358,2021-06-18 12:12:46,2021-06-18 12:12:46,Packaging Corporation of America,Packaging Corporation of America,PKG,,0000075677,Materials,Paper Packaging,"Lake Forest, Illinois",1959
359,2021-06-18 12:12:46,2021-06-18 12:12:46,Parker-Hannifin,Parker-Hannifin,PH,,0000076334,Industrials,Industrial Machinery,"Cleveland, Ohio",1917
362,2021-06-18 12:12:46,2021-06-18 12:12:46,PayPal,PayPal,PYPL,,0001633917,Information Technology,Data Processing & Outsourced Services,"San Jose, California",1998
360,2021-06-18 12:12:46,2021-06-18 12:12:46,Paychex Inc.,Paychex Inc.,PAYX,,0000723531,Information Technology,Data Processing & Outsourced Services,"Penfield, New York",1971
361,2021-06-18 12:12:46,2021-06-18 12:12:46,Paycom,Paycom,PAYC,,0001590955,Information Technology,Application Software,"Oklahoma City, Oklahoma",1998
363,2021-06-18 12:12:46,2021-06-18 12:12:46,Pentair plc,Pentair plc,PNR,,0000077360,Industrials,Industrial Machinery,"Worsley, UK",1966
364,2021-06-18 12:12:46,2021-06-18 12:12:46,People's United Financial,People's United Financial,PBCT,,0001378946,Financials,Thrifts & Mortgage Finance,"Bridgeport, Connecticut",1842
365,2021-06-18 12:12:46,2021-06-18 12:12:46,PepsiCo Inc.,PepsiCo Inc.,PEP,,0000077476,Consumer Staples,Soft Drinks,"Purchase, New York",1898
366,2021-06-18 12:12:46,2021-06-18 12:12:46,PerkinElmer,PerkinElmer,PKI,,0000031791,Health Care,Health Care Equipment,"Waltham, Massachusetts",1937
367,2021-06-18 12:12:46,2021-06-18 12:12:46,Perrigo,Perrigo,PRGO,,0001585364,Health Care,Pharmaceuticals,"Dublin, Ireland",2013 (1887)
368,2021-06-18 12:12:46,2021-06-18 12:12:46,Pfizer Inc.,Pfizer,PFE,,0000078003,Health Care,Pharmaceuticals,"New York, New York",1849
369,2021-06-18 12:12:46,2021-06-18 12:12:46,Philip Morris International,Philip Morris International,PM,,0001413329,Consumer Staples,Tobacco,"New York, New York",2008 (1847)
370,2021-06-18 12:12:46,2021-06-18 12:12:46,Phillips 66,Phillips 66,PSX,,0001534701,Energy,Oil & Gas Refining & Marketing,"Houston, Texas",2012 (1917)
371,2021-06-18 12:12:46,2021-06-18 12:12:46,Pinnacle West Capital,Pinnacle West Capital,PNW,,0000764622,Utilities,Multi-Utilities,"Phoenix, Arizona",1985
372,2021-06-18 12:12:46,2021-06-18 12:12:46,Pioneer Natural Resources,Pioneer Natural Resources,PXD,,0001038357,Energy,Oil & Gas Exploration & Production,"Irving, Texas",1997
374,2021-06-18 12:12:46,2021-06-18 12:12:46,Pool Corporation,Pool Corporation,POOL,,0000945841,Consumer Discretionary,Distributors,"Covington, Louisiana",1993
377,2021-06-18 12:12:46,2021-06-18 12:12:46,Principal Financial Group,Principal Financial Group,PFG,,0001126328,Financials,Life & Health Insurance,"Des Moines, Iowa",1879
378,2021-06-18 12:12:46,2021-06-18 12:12:46,Procter & Gamble,Procter & Gamble,PG,,0000080424,Consumer Staples,Personal Products,"Cincinnati, Ohio",1837
379,2021-06-18 12:12:46,2021-06-18 12:12:46,Progressive Corp.,Progressive Corp.,PGR,,0000080661,Financials,Property & Casualty Insurance,"Mayfield Village, Ohio",1937
380,2021-06-18 12:12:46,2021-06-18 12:12:46,Prologis,Prologis,PLD,,0001045609,Real Estate,Industrial REITs,"San Francisco, California",1983
381,2021-06-18 12:12:46,2021-06-18 12:12:46,Prudential Financial,Prudential Financial,PRU,,0001137774,Financials,Life & Health Insurance,"Newark, New Jersey",1875
382,2021-06-18 12:12:46,2021-06-18 12:12:46,Public Service Enterprise Group (PSEG),Public Service Enterprise Group (PSEG),PEG,,0000788784,Utilities,Electric Utilities,"Newark, New Jersey",1903
383,2021-06-18 12:12:46,2021-06-18 12:12:46,Public Storage,Public Storage,PSA,,0001393311,Real Estate,Specialized REITs,"Glendale, California",1972
384,2021-06-18 12:12:46,2021-06-18 12:12:46,PulteGroup,PulteGroup,PHM,,0000822416,Consumer Discretionary,Homebuilding,"Atlanta, Georgia",1956
386,2021-06-18 12:12:46,2021-06-18 12:12:46,Qorvo,Qorvo,QRVO,,0001604778,Information Technology,Semiconductors,"Greensboro, North Carolina",2015
388,2021-06-18 12:12:46,2021-06-18 12:12:46,Qualcomm,Qualcomm,QCOM,,0000804328,Information Technology,Semiconductors,"San Diego, California",1985
387,2021-06-18 12:12:46,2021-06-18 12:12:46,Quanta Services Inc.,Quanta Services Inc.,PWR,,0001050915,Industrials,Construction & Engineering,"Houston, Texas",1997
389,2021-06-18 12:12:46,2021-06-18 12:12:46,Quest Diagnostics,Quest Diagnostics,DGX,,0001022079,Health Care,Health Care Services,"Secaucus, New Jersey",1967
390,2021-06-18 12:12:46,2021-06-18 12:12:46,Ralph Lauren Corporation,Ralph Lauren Corporation,RL,,0001037038,Consumer Discretionary,"Apparel, Accessories & Luxury Goods","New York, New York",1967
391,2021-06-18 12:12:46,2021-06-18 12:12:46,Raymond James Financial,Raymond James Financial,RJF,,0000720005,Financials,Investment Banking & Brokerage,"St. Petersburg, Florida",1962
392,2021-06-18 12:12:46,2021-06-18 12:12:46,Raytheon Technologies,Raytheon,RTX,,0000101829,Industrials,Aerospace & Defense,"Waltham, Massachusetts",1922
393,2021-06-18 12:12:46,2021-06-18 12:12:46,Realty Income Corporation,Realty Income Corporation,O,,0000726728,Real Estate,Retail REITs,"San Diego, California",1969
394,2021-06-18 12:12:46,2021-06-18 12:12:46,Regency Centers Corporation,Regency Centers Corporation,REG,,0000910606,Real Estate,Retail REITs,"Jacksonville, Florida",1963
395,2021-06-18 12:12:46,2021-06-18 12:12:46,Regeneron Pharmaceuticals,Regeneron Pharmaceuticals,REGN,,0000872589,Health Care,Biotechnology,"Tarrytown, New York",1988
396,2021-06-18 12:12:46,2021-06-18 12:12:46,Regions Financial Corp.,Regions Financial Corp.,RF,,0001281761,Financials,Regional Banks,"Birmingham, Alabama",1971
397,2021-06-18 12:12:46,2021-06-18 12:12:46,Republic Services Inc,Republic Services Inc,RSG,,0001060391,Industrials,Environmental & Facilities Services,"Phoenix, Arizona",1998 (1981)
398,2021-06-18 12:12:46,2021-06-18 12:12:46,ResMed,ResMed,RMD,,0000943819,Health Care,Health Care Equipment,"San Diego, California",1989
399,2021-06-18 12:12:46,2021-06-18 12:12:46,Robert Half International,Robert Half International,RHI,,0000315213,Industrials,Human Resource & Employment Services,"Menlo Park, California",1948
400,2021-06-18 12:12:46,2021-06-18 12:12:46,Rockwell Automation Inc.,Rockwell Automation Inc.,ROK,,0001024478,Industrials,Electrical Components & Equipment,"Milwaukee, Wisconsin",1903
401,2021-06-18 12:12:46,2021-06-18 12:12:46,"Rollins, Inc.","Rollins, Inc.",ROL,,0000084839,Industrials,Environmental & Facilities Services,"Atlanta, Georgia",1948
402,2021-06-18 12:12:46,2021-06-18 12:12:46,Roper Technologies,Roper Technologies,ROP,,0000882835,Industrials,Industrial Conglomerates,"Sarasota, Florida",1981
403,2021-06-18 12:12:46,2021-06-18 12:12:46,Ross Stores,Ross Stores,ROST,,0000745732,Consumer Discretionary,Apparel Retail,"Dublin, California",1982
404,2021-06-18 12:12:46,2021-06-18 12:12:46,Royal Caribbean Group,Royal Caribbean Group,RCL,,0000884887,Consumer Discretionary,"Hotels, Resorts & Cruise Lines","Miami, Florida",1997
405,2021-06-18 12:12:46,2021-06-18 12:12:46,S&P Global Inc.,S&P Global Inc.,SPGI,,0000064040,Financials,Financial Exchanges & Data,"New York, New York",1917
407,2021-06-18 12:12:46,2021-06-18 12:12:46,SBA Communications,SBA Communications,SBAC,,0001034054,Real Estate,Specialized REITs,"Boca Raton, Florida",1989
416,2021-06-18 12:12:46,2021-06-18 12:12:46,SL Green Realty,SL Green Realty,SLG,,0001040971,Real Estate,Office REITs,"New York, New York",1997
425,2021-06-18 12:12:46,2021-06-18 12:12:46,SVB Financial,SVB Financial,SIVB,,0000719739,Financials,Regional Banks,"Santa Clara, California",1983
406,2021-06-18 12:12:46,2021-06-18 12:12:46,Salesforce.com,Salesforce,CRM,,0001108524,Information Technology,Application Software,"San Francisco, California",1999
408,2021-06-18 12:12:46,2021-06-18 12:12:46,Schlumberger Ltd.,Schlumberger Ltd.,SLB,,0000087347,Energy,Oil & Gas Equipment & Services,"Curaçao, Kingdom of the Netherlands",1926
409,2021-06-18 12:12:46,2021-06-18 12:12:46,Seagate Technology,Seagate Technology,STX,,0001137789,Information Technology,"Technology Hardware, Storage & Peripherals","Dublin, Ireland",1979
410,2021-06-18 12:12:46,2021-06-18 12:12:46,Sealed Air,Sealed Air,SEE,,0001012100,Materials,Paper Packaging,"Charlotte, North Carolina",1960
411,2021-06-18 12:12:46,2021-06-18 12:12:46,Sempra Energy,Sempra Energy,SRE,,0001032208,Utilities,Multi-Utilities,"San Diego, California",1998
412,2021-06-18 12:12:46,2021-06-18 12:12:46,ServiceNow,ServiceNow,NOW,,0001373715,Information Technology,Systems Software,"Santa Clara, California",2003
413,2021-06-18 12:12:46,2021-06-18 12:12:46,Sherwin-Williams,Sherwin-Williams,SHW,,0000089800,Materials,Specialty Chemicals,"Cleveland, Ohio",1866
414,2021-06-18 12:12:46,2021-06-18 12:12:46,Simon Property Group Inc,Simon Property Group Inc,SPG,,0001063761,Real Estate,Retail REITs,"Indianapolis, Indiana",2003
415,2021-06-18 12:12:46,2021-06-18 12:12:46,Skyworks Solutions,Skyworks Solutions,SWKS,,0000004127,Information Technology,Semiconductors,"Woburn, Massachusetts",2002
417,2021-06-18 12:12:46,2021-06-18 12:12:46,Snap-on,Snap-on,SNA,,0000091440,Industrials,Industrial Machinery,"Kenosha, Wisconsin",1920
418,2021-06-18 12:12:46,2021-06-18 12:12:46,Southern Company,Southern Company,SO,,0000092122,Utilities,Electric Utilities,"Atlanta, Georgia",1945
419,2021-06-18 12:12:46,2021-06-18 12:12:46,Southwest Airlines,Southwest Airlines,LUV,,0000092380,Industrials,Airlines,"Dallas, Texas",1967
420,2021-06-18 12:12:46,2021-06-18 12:12:46,Stanley Black & Decker,Stanley Black & Decker,SWK,,0000093556,Industrials,Industrial Machinery,"New Britain, Connecticut",1843
421,2021-06-18 12:12:46,2021-06-18 12:12:46,Starbucks Corp.,Starbucks,SBUX,,0000829224,Consumer Discretionary,Restaurants,"Seattle, Washington",1971
422,2021-06-18 12:12:46,2021-06-18 12:12:46,State Street Corp.,State Street Corp.,STT,,0000093751,Financials,Asset Management & Custody Banks,"Boston, Massachusetts",1792
423,2021-06-18 12:12:46,2021-06-18 12:12:46,Steris,Steris,STE,,0001757898,Health Care,Health Care Equipment,"Dublin, Ireland",1985
424,2021-06-18 12:12:46,2021-06-18 12:12:46,Stryker Corp.,Stryker Corp.,SYK,,0000310764,Health Care,Health Care Equipment,"Kalamazoo, Michigan",1941
426,2021-06-18 12:12:46,2021-06-18 12:12:46,Synchrony Financial,Synchrony Financial,SYF,,0001601712,Financials,Consumer Finance,"Stamford, Connecticut",2003
427,2021-06-18 12:12:46,2021-06-18 12:12:46,Synopsys Inc.,Synopsys Inc.,SNPS,,0000883241,Information Technology,Application Software,"Mountain View, California",1986
428,2021-06-18 12:12:46,2021-06-18 12:12:46,Sysco Corp.,Sysco Corp.,SYY,,0000096021,Consumer Staples,Food Distributors,"Houston, Texas",1969
429,2021-06-18 12:12:46,2021-06-18 12:12:46,T-Mobile US,T-Mobile,TMUS,,0001283699,Communication Services,Wireless Telecommunication Services,"Bellevue, Washington",1994
430,2021-06-18 12:12:46,2021-06-18 12:12:46,T. Rowe Price Group,T. Rowe Price Group,TROW,,0001113169,Financials,Asset Management & Custody Banks,"Baltimore, Maryland",1937
434,2021-06-18 12:12:46,2021-06-18 12:12:46,TE Connectivity Ltd.,TE Connectivity Ltd.,TEL,,0001385157,Information Technology,Electronic Manufacturing Services,"Schaffhausen, Switzerland",2007
442,2021-06-18 12:12:46,2021-06-18 12:12:46,TJX Companies Inc.,TJX Companies Inc.,TJX,,0000109198,Consumer Discretionary,Apparel Retail,"Framingham, Massachusetts",1987
431,2021-06-18 12:12:46,2021-06-18 12:12:46,Take-Two Interactive,Take-Two Interactive,TTWO,,0000946581,Communication Services,Interactive Home Entertainment,"New York, New York",1993
432,2021-06-18 12:12:46,2021-06-18 12:12:46,"Tapestry, Inc.","Tapestry, Inc.",TPR,,0001116132,Consumer Discretionary,"Apparel, Accessories & Luxury Goods","New York, New York",2017
433,2021-06-18 12:12:46,2021-06-18 12:12:46,Target Corp.,Target Corp.,TGT,,0000027419,Consumer Discretionary,General Merchandise Stores,"Minneapolis, Minnesota",1902
435,2021-06-18 12:12:46,2021-06-18 12:12:46,Teledyne Technologies,Teledyne Technologies,TDY,,0001094285,Industrials,Aerospace & Defense,"Thousand Oaks, California",1960
436,2021-06-18 12:12:46,2021-06-18 12:12:46,Teleflex,Teleflex,TFX,,0000096943,Health Care,Health Care Equipment,"Wayne, Pennsylvania",1943
437,2021-06-18 12:12:46,2021-06-18 12:12:46,Teradyne,Teradyne,TER,,0000097210,Information Technology,Semiconductor Equipment,"North Reading, Massachusetts",1960
438,2021-06-18 12:12:46,2021-06-18 12:12:46,"Tesla, Inc.","Tesla, Inc.",TSLA,,0001318605,Consumer Discretionary,Automobile Manufacturers,"Palo Alto, California",2003
439,2021-06-18 12:12:46,2021-06-18 12:12:46,Texas Instruments,Texas Instruments,TXN,,0000097476,Information Technology,Semiconductors,"Dallas, Texas",1930
440,2021-06-18 12:12:46,2021-06-18 12:12:46,Textron Inc.,Textron Inc.,TXT,,0000217346,Industrials,Aerospace & Defense,"Providence, Rhode Island",1923
63,2021-06-18 12:12:46,2021-06-18 12:12:46,The Bank of New York Mellon,The Bank of New York Mellon,BK,,0001390777,Financials,Asset Management & Custody Banks,"New York, New York",1784
112,2021-06-18 12:12:46,2021-06-18 12:12:46,The Clorox Company,The Clorox Company,CLX,,0000021076,Consumer Staples,Household Products,"Oakland, California",1913
124,2021-06-18 12:12:46,2021-06-18 12:12:46,The Cooper Companies,The Cooper Companies,COO,,0000711404,Health Care,Health Care Supplies,"San Ramon, California",1958
226,2021-06-18 12:12:46,2021-06-18 12:12:46,The Hershey Company,The Hershey Company,HSY,,0000047111,Consumer Staples,Packaged Foods & Meats,"Hershey, Pennsylvania",1894
326,2021-06-18 12:12:46,2021-06-18 12:12:46,The Mosaic Company,The Mosaic Company,MOS,,0001285785,Materials,Fertilizers & Agricultural Chemicals,"Tampa, Florida",2004 (1865 / 1909)
446,2021-06-18 12:12:46,2021-06-18 12:12:46,The Travelers Companies,The Travelers Companies,TRV,,0000086312,Financials,Property & Casualty Insurance,"New York, New York",1853
482,2021-06-18 12:12:46,2021-06-18 12:12:46,The Walt Disney Company,The Walt Disney Company,DIS,,0001744489,Communication Services,Movies & Entertainment,"Burbank, California",1923
441,2021-06-18 12:12:46,2021-06-18 12:12:46,Thermo Fisher Scientific,Thermo Fisher Scientific,TMO,,0000097745,Health Care,Life Sciences Tools & Services,"Waltham, Massachusetts",2006 (1902)
443,2021-06-18 12:12:46,2021-06-18 12:12:46,Tractor Supply Company,Tractor Supply Company,TSCO,,0000916365,Consumer Discretionary,Specialty Stores,"Brentwood, Tennessee",1938
444,2021-06-18 12:12:46,2021-06-18 12:12:46,Trane Technologies plc,Trane Technologies plc,TT,,0001466258,Industrials,Building Products,"Dublin, Ireland",1871
445,2021-06-18 12:12:46,2021-06-18 12:12:46,TransDigm Group,TransDigm Group,TDG,,0001260221,Industrials,Aerospace & Defense,"Cleveland, Ohio",1993
447,2021-06-18 12:12:46,2021-06-18 12:12:46,Trimble Inc.,Trimble Inc.,TRMB,,0000864749,Information Technology,Electronic Equipment & Instruments,"Sunnyvale, California",1978
448,2021-06-18 12:12:46,2021-06-18 12:12:46,Truist Financial,Truist Financial,TFC,,0000092230,Financials,Regional Banks,"Charlotte, North Carolina",1872
449,2021-06-18 12:12:46,2021-06-18 12:12:46,"Twitter, Inc.","Twitter, Inc.",TWTR,,0001418091,Communication Services,Interactive Media & Services,"San Francisco, California",2006
450,2021-06-18 12:12:46,2021-06-18 12:12:46,Tyler Technologies,Tyler Technologies,TYL,,0000860731,Information Technology,Application Software,"Plano, Texas",1966
451,2021-06-18 12:12:46,2021-06-18 12:12:46,Tyson Foods,Tyson Foods,TSN,,0000100493,Consumer Staples,Packaged Foods & Meats,"Springdale, Arkansas",1935
454,2021-06-18 12:12:46,2021-06-18 12:12:46,U.S. Bancorp,U.S. Bancorp,USB,,0000036104,Financials,Diversified Banks,"Minneapolis, Minnesota",1968
452,2021-06-18 12:12:46,2021-06-18 12:12:46,"UDR, Inc.","UDR, Inc.",UDR,,0000074208,Real Estate,Residential REITs,"Highlands Ranch, Colorado",1972
453,2021-06-18 12:12:46,2021-06-18 12:12:46,Ulta Beauty,Ulta Beauty,ULTA,,0001403568,Consumer Discretionary,Specialty Stores,"Bolingbrook, Illinois",1990
455,2021-06-18 12:12:46,2021-06-18 12:12:46,Under Armour (Class A),Under Armour (Class A),UAA,,0001336917,Consumer Discretionary,"Apparel, Accessories & Luxury Goods","Baltimore, Maryland",1996
456,2021-06-18 12:12:46,2021-06-18 12:12:46,Under Armour (Class C),Under Armour (Class C),UA,,0001336917,Consumer Discretionary,"Apparel, Accessories & Luxury Goods","Baltimore, Maryland",1996
457,2021-06-18 12:12:46,2021-06-18 12:12:46,Union Pacific Corp,Union Pacific Corp,UNP,,0000100885,Industrials,Railroads,"Omaha, Nebraska",1862
458,2021-06-18 12:12:46,2021-06-18 12:12:46,United Airlines Holdings,United Airlines Holdings,UAL,,0000100517,Industrials,Airlines,"Chicago, Illinois",1967
460,2021-06-18 12:12:46,2021-06-18 12:12:46,United Parcel Service,United Parcel Service,UPS,,0001090727,Industrials,Air Freight & Logistics,"Atlanta, Georgia",1907
461,2021-06-18 12:12:46,2021-06-18 12:12:46,"United Rentals, Inc.","United Rentals, Inc.",URI,,0001067701,Industrials,Trading Companies & Distributors,"Stamford, Connecticut",1997
459,2021-06-18 12:12:46,2021-06-18 12:12:46,UnitedHealth Group Inc.,UnitedHealth Group Inc.,UNH,,0000731766,Health Care,Managed Health Care,"Minnetonka, Minnesota",1977
462,2021-06-18 12:12:46,2021-06-18 12:12:46,Universal Health Services,Universal Health Services,UHS,,0000352915,Health Care,Health Care Facilities,"King of Prussia, Pennsylvania",1979
463,2021-06-18 12:12:46,2021-06-18 12:12:46,Unum Group,Unum Group,UNM,,0000005513,Financials,Life & Health Insurance,"Chattanooga, Tennessee",1999
471,2021-06-18 12:12:46,2021-06-18 12:12:46,VF Corporation,VF Corporation,VFC,,0000103379,Consumer Discretionary,"Apparel, Accessories & Luxury Goods","Denver, Colorado",1899
464,2021-06-18 12:12:46,2021-06-18 12:12:46,Valero Energy,Valero Energy,VLO,,0001035002,Energy,Oil & Gas Refining & Marketing,"San Antonio, Texas",1980
465,2021-06-18 12:12:46,2021-06-18 12:12:46,Varian Medical Systems,Varian Medical Systems,VAR,,0000203527,Health Care,Health Care Equipment,"Palo Alto, California",1948
466,2021-06-18 12:12:46,2021-06-18 12:12:46,Ventas Inc,Ventas Inc,VTR,,0000740260,Real Estate,Health Care REITs,"Chicago, Illinois",1998
467,2021-06-18 12:12:46,2021-06-18 12:12:46,Verisign Inc.,Verisign Inc.,VRSN,,0001014473,Information Technology,Internet Services & Infrastructure,"Dulles, Virginia",1995
468,2021-06-18 12:12:46,2021-06-18 12:12:46,Verisk Analytics,Verisk Analytics,VRSK,,0001442145,Industrials,Research & Consulting Services,"Jersey City, New Jersey",1971
469,2021-06-18 12:12:46,2021-06-18 12:12:46,Verizon Communications,Verizon Communications,VZ,,0000732712,Communication Services,Integrated Telecommunication Services,"New York, New York",1983 (1877)
470,2021-06-18 12:12:46,2021-06-18 12:12:46,Vertex Pharmaceuticals Inc,Vertex Pharmaceuticals Inc,VRTX,,0000875320,Health Care,Biotechnology,"Cambridge, Massachusetts",1989
472,2021-06-18 12:12:46,2021-06-18 12:12:46,ViacomCBS,ViacomCBS,VIAC,,0000813828,Communication Services,Movies & Entertainment,"New York, New York",2019 (1952)
473,2021-06-18 12:12:46,2021-06-18 12:12:46,Viatris,Viatris,VTRS,,0001792044,Health Care,Pharmaceuticals,"Pittsburgh, Pennsylvania",1961
474,2021-06-18 12:12:46,2021-06-18 12:12:46,Visa Inc.,Visa Inc.,V,,0001403161,Information Technology,Data Processing & Outsourced Services,"San Francisco, California",1958
475,2021-06-18 12:12:46,2021-06-18 12:12:46,Vontier,Vontier,VNT,,0001786842,Information Technology,Electronic Equipment & Instruments,"Raleigh, North Carolina",2019
476,2021-06-18 12:12:46,2021-06-18 12:12:46,Vornado Realty Trust,Vornado Realty Trust,VNO,,0000899689,Real Estate,Office REITs,"New York, New York",1982
477,2021-06-18 12:12:46,2021-06-18 12:12:46,Vulcan Materials,Vulcan Materials,VMC,,0001396009,Materials,Construction Materials,"Birmingham, Alabama",1909
478,2021-06-18 12:12:46,2021-06-18 12:12:46,W. R. Berkley Corporation,W. R. Berkley Corporation,WRB,,0000011544,Financials,Property & Casualty Insurance,"Greenwich, Connecticut",1967
485,2021-06-18 12:12:46,2021-06-18 12:12:46,WEC Energy Group,WEC Energy Group,WEC,,0000783325,Utilities,Electric Utilities,"Milwaukee, Wisconsin",1896
481,2021-06-18 12:12:46,2021-06-18 12:12:46,Walgreens Boots Alliance,Walgreens Boots Alliance,WBA,,0001618921,Consumer Staples,Drug Retail,"Deerfield, Illinois",2014
480,2021-06-18 12:12:46,2021-06-18 12:12:46,Walmart,Walmart,WMT,,0000104169,Consumer Staples,Hypermarkets & Super Centers,"Bentonville, Arkansas",1962
483,2021-06-18 12:12:46,2021-06-18 12:12:46,Waste Management Inc.,Waste Management Inc.,WM,,0000823768,Industrials,Environmental & Facilities Services,"Houston, Texas",1968
484,2021-06-18 12:12:46,2021-06-18 12:12:46,Waters Corporation,Waters Corporation,WAT,,0001000697,Health Care,Health Care Distributors,"Milford, Massachusetts",1958
486,2021-06-18 12:12:46,2021-06-18 12:12:46,Wells Fargo,Wells Fargo,WFC,,0000072971,Financials,Diversified Banks,"San Francisco, California",1852
487,2021-06-18 12:12:46,2021-06-18 12:12:46,Welltower Inc.,Welltower Inc.,WELL,,0000766704,Real Estate,Health Care REITs,"Toledo, Ohio",1970
488,2021-06-18 12:12:46,2021-06-18 12:12:46,West Pharmaceutical Services,West Pharmaceutical Services,WST,,0000105770,Health Care,Health Care Supplies,"Exton, Pennsylvania",1923
491,2021-06-18 12:12:46,2021-06-18 12:12:46,WestRock,WestRock,WRK,,0001732845,Materials,Paper Packaging,"Atlanta, Georgia",2015
489,2021-06-18 12:12:46,2021-06-18 12:12:46,Western Digital,Western Digital,WDC,,0000106040,Information Technology,"Technology Hardware, Storage & Peripherals","San Jose, California",1970
490,2021-06-18 12:12:46,2021-06-18 12:12:46,Western Union Co,Western Union Co,WU,,0001365135,Information Technology,Data Processing & Outsourced Services,"Englewood, Colorado",1851
479,2021-06-18 12:12:46,2021-06-18 12:12:46,Westinghouse Air Brake Technologies Corp,Westinghouse Air Brake Technologies Corp,WAB,,0000943452,Industrials,Construction Machinery & Heavy Trucks,"Wilmerding, Pennsylvania",1999 (1869)
492,2021-06-18 12:12:46,2021-06-18 12:12:46,Weyerhaeuser,Weyerhaeuser,WY,,0000106535,Real Estate,Specialized REITs,"Federal Way, Washington",1900
493,2021-06-18 12:12:46,2021-06-18 12:12:46,Whirlpool Corp.,Whirlpool Corp.,WHR,,0000106640,Consumer Discretionary,Household Appliances,"Benton Harbor, Michigan",1911
494,2021-06-18 12:12:46,2021-06-18 12:12:46,Williams Companies,Williams Companies,WMB,,0000107263,Energy,Oil & Gas Storage & Transportation,"Tulsa, Oklahoma",1908
495,2021-06-18 12:12:46,2021-06-18 12:12:46,Willis Towers Watson,Willis Towers Watson,WLTW,,0001140536,Financials,Insurance Brokers,"London, United Kingdom",2016
496,2021-06-18 12:12:46,2021-06-18 12:12:46,Wynn Resorts Ltd,Wynn Resorts Ltd,WYNN,,0001174922,Consumer Discretionary,Casinos & Gaming,"Paradise, Nevada",2002
497,2021-06-18 12:12:46,2021-06-18 12:12:46,Xcel Energy Inc,Xcel Energy Inc,XEL,,0000072903,Utilities,Multi-Utilities,"Minneapolis, Minnesota",1909
498,2021-06-18 12:12:46,2021-06-18 12:12:46,Xerox,Xerox,XRX,,0001770450,Information Technology,"Technology Hardware, Storage & Peripherals","Norwalk, Connecticut",2017 (1906)
499,2021-06-18 12:12:46,2021-06-18 12:12:46,Xilinx,Xilinx,XLNX,,0000743988,Information Technology,Semiconductors,"San Jose, California",1984
500,2021-06-18 12:12:46,2021-06-18 12:12:46,Xylem Inc.,Xylem Inc.,XYL,,0001524472,Industrials,Industrial Machinery,"White Plains, New York",2011
501,2021-06-18 12:12:46,2021-06-18 12:12:46,Yum! Brands Inc,Yum! Brands Inc,YUM,,0001041061,Consumer Discretionary,Restaurants,"Louisville, Kentucky",1997
502,2021-06-18 12:12:46,2021-06-18 12:12:46,Zebra Technologies,Zebra Technologies,ZBRA,,0000877212,Information Technology,Electronic Equipment & Instruments,"Lincolnshire, Illinois",1969
503,2021-06-18 12:12:46,2021-06-18 12:12:46,Zimmer Biomet,Zimmer Biomet,ZBH,,0001136869,Health Care,Health Care Equipment,"Warsaw, Indiana",1927
504,2021-06-18 12:12:46,2021-06-18 12:12:46,Zions Bancorp,Zions Bancorp,ZION,,0000109380,Financials,Regional Banks,"Salt Lake City, Utah",1873
505,2021-06-18 12:12:46,2021-06-18 12:12:46,Zoetis,Zoetis,ZTS,,0001555280,Health Care,Pharmaceuticals,"Parsippany, New Jersey",1952
161,2021-06-18 12:12:46,2021-06-18 12:12:46,eBay Inc.,eBay Inc.,EBAY,,0001065088,Consumer Discretionary,Internet & Direct Marketing Retail,"San Jose, California",1995
